#,Sheet,Topic,Question,Difficulty,Status
#,Must Do Questions (1 - 500),Topic,https://leetcode.com/problems/two-sum,Difficulty,
1,Must Do Questions (1 - 500),"Array, Hash Table",https://leetcode.com/problems/longest-substring-without-repeating-characters,Easy,Fully Fixed
2,Must Do Questions (1 - 500),"Hash Table, String, Sliding Window",https://leetcode.com/problems/maximum-subarray,Medium,Fully Fixed
3,Must Do Questions (1 - 500),"Array, Divide and Conquer, Dynamic Programming",https://leetcode.com/problems/trapping-rain-water,Easy,Fully Fixed
4,Must Do Questions (1 - 500),"Array, Two Pointers, Dynamic Programming, Stack, Monotonic Stack",https://leetcode.com/problems/add-two-numbers,Hard,Fully Fixed
5,Must Do Questions (1 - 500),"Linked List, Math, Recursion",https://leetcode.com/problems/3sum,Medium,Fully Fixed
6,Must Do Questions (1 - 500),"Array, Two Pointers, Sorting",https://leetcode.com/problems/longest-palindromic-substring,Medium,Fully Fixed
7,Must Do Questions (1 - 500),"String, Dynamic Programming",https://leetcode.com/problems/median-of-two-sorted-arrays,Medium,Fully Fixed
8,Must Do Questions (1 - 500),"Array, Binary Search, Divide and Conquer",https://leetcode.com/problems/container-with-most-water,Hard,Fully Fixed
9,Must Do Questions (1 - 500),"Array, Two Pointers, Greedy",https://leetcode.com/problems/best-time-to-buy-and-sell-stock,Medium,Fully Fixed
10,Must Do Questions (1 - 500),"Array, Dynamic Programming",https://leetcode.com/problems/search-in-rotated-sorted-array,Easy,Fully Fixed
11,Must Do Questions (1 - 500),"Array, Binary Search",https://leetcode.com/problems/number-of-islands,Medium,Fully Fixed
12,Must Do Questions (1 - 500),"Array, Depth-First Search, Breadth-First Search, Union Find, Matrix",https://leetcode.com/problems/lru-cache,Medium,Fully Fixed
13,Must Do Questions (1 - 500),"Hash Table, Linked List, Design, Doubly-Linked List",https://leetcode.com/problems/merge-intervals,Medium,Fully Fixed
14,Must Do Questions (1 - 500),"Array, Sorting",https://leetcode.com/problems/generate-parentheses,Medium,Fully Fixed
15,Must Do Questions (1 - 500),"String, Dynamic Programming, Backtracking",https://leetcode.com/problems/find-the-duplicate-number,Medium,Fully Fixed
16,Must Do Questions (1 - 500),"Array, Two Pointers, Binary Search, Bit Manipulation",https://leetcode.com/problems/product-of-array-except-self,Medium,Fully Fixed
17,Must Do Questions (1 - 500),"Array, Prefix Sum",https://leetcode.com/problems/valid-parentheses,Medium,Fully Fixed
18,Must Do Questions (1 - 500),"String, Stack",https://leetcode.com/problems/subarray-sum-equals-k,Easy,Fully Fixed
19,Must Do Questions (1 - 500),"Array, Hash Table, Prefix Sum",https://leetcode.com/problems/house-robber,Medium,Fully Fixed
20,Must Do Questions (1 - 500),"Array, Dynamic Programming",https://leetcode.com/problems/longest-increasing-subsequence,Medium,Fully Fixed
21,Must Do Questions (1 - 500),"Array, Binary Search, Dynamic Programming",https://leetcode.com/problems/reverse-linked-list,Medium,Fully Fixed
22,Must Do Questions (1 - 500),"Linked List, Recursion",https://leetcode.com/problems/maximum-product-subarray,Easy,Fully Fixed
23,Must Do Questions (1 - 500),"Array, Dynamic Programming",https://leetcode.com/problems/merge-k-sorted-lists,Medium,Fully Fixed
24,Must Do Questions (1 - 500),"Linked List, Divide and Conquer, Heap (Priority Queue), Merge Sort",https://leetcode.com/problems/merge-two-sorted-lists,Hard,Fully Fixed
25,Must Do Questions (1 - 500),"Linked List, Recursion",https://leetcode.com/problems/climbing-stairs,Easy,Fully Fixed
26,Must Do Questions (1 - 500),"Math, Dynamic Programming, Memoization",https://leetcode.com/problems/coin-change,Easy,Fully Fixed
27,Must Do Questions (1 - 500),"Array, Dynamic Programming, Breadth-First Search",https://leetcode.com/problems/jump-game,Medium,Fully Fixed
28,Must Do Questions (1 - 500),"Array, Dynamic Programming, Greedy",https://leetcode.com/problems/word-break,Medium,Fully Fixed
29,Must Do Questions (1 - 500),"Hash Table, String, Dynamic Programming, Trie, Memoization",https://leetcode.com/problems/minimum-window-substring,Medium,Fully Fixed
30,Must Do Questions (1 - 500),"Hash Table, String, Sliding Window",https://leetcode.com/problems/find-first-and-last-position-of-element-in-sorted-array,Hard
31,Must Do Questions (1 - 500),"Array, Binary Search",https://leetcode.com/problems/permutations,Medium
32,Must Do Questions (1 - 500),"Array, Backtracking",https://leetcode.com/problems/combination-sum,Medium
33,Must Do Questions (1 - 500),"Array, Backtracking",https://leetcode.com/problems/letter-combinations-of-a-phone-number,Medium
34,Must Do Questions (1 - 500),"Hash Table, String, Backtracking",https://leetcode.com/problems/validate-binary-search-tree,Medium
35,Must Do Questions (1 - 500),"Tree, Depth-First Search, Binary Search Tree, Binary Tree",https://leetcode.com/problems/sliding-window-maximum,Medium
36,Must Do Questions (1 - 500),"Array, Queue, Sliding Window, Heap (Priority Queue), Monotonic Queue",https://leetcode.com/problems/lowest-common-ancestor-of-a-binary-tree,Hard
37,Must Do Questions (1 - 500),"Tree, Depth-First Search, Binary Tree",https://leetcode.com/problems/symmetric-tree,Medium
38,Must Do Questions (1 - 500),"Tree, Depth-First Search, Breadth-First Search, Binary Tree",https://leetcode.com/problems/next-permutation,Easy
39,Must Do Questions (1 - 500),"Array, Two Pointers",https://leetcode.com/problems/sort-colors,Medium
40,Must Do Questions (1 - 500),"Array, Two Pointers, Sorting",https://leetcode.com/problems/remove-nth-node-from-end-of-list,Medium
41,Must Do Questions (1 - 500),"Linked List, Two Pointers",https://leetcode.com/problems/single-number,Medium
42,Must Do Questions (1 - 500),"Array, Bit Manipulation",https://leetcode.com/problems/largest-rectangle-in-histogram,Easy
43,Must Do Questions (1 - 500),"Array, Stack, Monotonic Stack",https://leetcode.com/problems/first-missing-positive,Hard
44,Must Do Questions (1 - 500),"Array, Hash Table",https://leetcode.com/problems/course-schedule,Hard
45,Must Do Questions (1 - 500),"Depth-First Search, Breadth-First Search, Graph, Topological Sort",https://leetcode.com/problems/binary-tree-maximum-path-sum,Medium
46,Must Do Questions (1 - 500),"Dynamic Programming, Tree, Depth-First Search, Binary Tree",https://leetcode.com/problems/word-search,Hard
47,Must Do Questions (1 - 500),"Array, Backtracking, Matrix",https://leetcode.com/problems/subsets,Medium
48,Must Do Questions (1 - 500),"Array, Backtracking, Bit Manipulation",https://leetcode.com/problems/longest-consecutive-sequence,Medium
49,Must Do Questions (1 - 500),"Array, Hash Table, Union Find",https://leetcode.com/problems/kth-largest-element-in-an-array,Medium
50,Must Do Questions (1 - 500),"Array, Divide and Conquer, Sorting, Heap (Priority Queue), Quickselect",https://leetcode.com/problems/group-anagrams,Medium
51,Must Do Questions (1 - 500),"Hash Table, String, Sorting",https://leetcode.com/problems/move-zeroes,Medium
52,Must Do Questions (1 - 500),"Array, Two Pointers",https://leetcode.com/problems/intersection-of-two-linked-lists,Easy
53,Must Do Questions (1 - 500),"Hash Table, Linked List, Two Pointers",https://leetcode.com/problems/majority-element,Easy
54,Must Do Questions (1 - 500),"Array, Hash Table, Divide and Conquer, Sorting, Counting",https://leetcode.com/problems/unique-paths,Easy
55,Must Do Questions (1 - 500),"Math, Dynamic Programming, Combinatorics",https://leetcode.com/problems/rotate-image,Medium
56,Must Do Questions (1 - 500),"Array, Math, Matrix",https://leetcode.com/problems/palindrome-linked-list,Medium
57,Must Do Questions (1 - 500),"Linked List, Two Pointers, Stack, Recursion",https://leetcode.com/problems/edit-distance,Easy
58,Must Do Questions (1 - 500),"String, Dynamic Programming",https://leetcode.com/problems/regular-expression-matching,Hard
59,Must Do Questions (1 - 500),"String, Dynamic Programming, Recursion",https://leetcode.com/problems/construct-binary-tree-from-preorder-and-inorder-traversal,Hard
60,Must Do Questions (1 - 500),"Array, Hash Table, Divide and Conquer, Tree, Binary Tree",https://leetcode.com/problems/invert-binary-tree,Medium
61,Must Do Questions (1 - 500),"Tree, Depth-First Search, Breadth-First Search, Binary Tree",https://leetcode.com/problems/rotate-array,Easy
62,Must Do Questions (1 - 500),"Array, Math, Two Pointers",https://leetcode.com/problems/decode-string,Medium
63,Must Do Questions (1 - 500),"String, Stack, Recursion",https://leetcode.com/problems/min-stack,Medium
64,Must Do Questions (1 - 500),"Stack, Design",https://leetcode.com/problems/top-k-frequent-elements,Easy
65,Must Do Questions (1 - 500),"Array, Hash Table, Divide and Conquer, Sorting, Heap (Priority Queue), Bucket Sort, Counting, Quickselect",https://leetcode.com/problems/copy-list-with-random-pointer,Medium
66,Must Do Questions (1 - 500),"Hash Table, Linked List",https://leetcode.com/problems/longest-valid-parentheses,Medium
67,Must Do Questions (1 - 500),"String, Dynamic Programming, Stack",https://leetcode.com/problems/path-sum-iii,Hard
68,Must Do Questions (1 - 500),"Tree, Depth-First Search, Binary Tree",https://leetcode.com/problems/binary-tree-level-order-traversal,Medium
69,Must Do Questions (1 - 500),"Tree, Breadth-First Search, Binary Tree",https://leetcode.com/problems/diameter-of-binary-tree,Medium
70,Must Do Questions (1 - 500),"Tree, Depth-First Search, Binary Tree",https://leetcode.com/problems/jump-game-ii,Easy
71,Must Do Questions (1 - 500),"Array, Dynamic Programming, Greedy",https://leetcode.com/problems/partition-equal-subset-sum,Medium
72,Must Do Questions (1 - 500),"Array, Dynamic Programming",https://leetcode.com/problems/binary-tree-inorder-traversal,Medium
73,Must Do Questions (1 - 500),"Stack, Tree, Depth-First Search, Binary Tree",https://leetcode.com/problems/word-ladder,Easy
74,Must Do Questions (1 - 500),"Hash Table, String, Breadth-First Search",https://leetcode.com/problems/unique-binary-search-trees,Hard
75,Must Do Questions (1 - 500),"Math, Dynamic Programming, Tree, Binary Search Tree, Binary Tree",https://leetcode.com/problems/linked-list-cycle,Medium
76,Must Do Questions (1 - 500),"Hash Table, Linked List, Two Pointers",https://leetcode.com/problems/maximal-square,Easy
77,Must Do Questions (1 - 500),"Array, Dynamic Programming, Matrix",https://leetcode.com/problems/longest-common-prefix,Medium
78,Must Do Questions (1 - 500),String,https://leetcode.com/problems/best-time-to-buy-and-sell-stock-ii,Easy
79,Must Do Questions (1 - 500),"Array, Dynamic Programming, Greedy",https://leetcode.com/problems/minimum-path-sum,Medium
80,Must Do Questions (1 - 500),"Array, Dynamic Programming, Matrix",https://leetcode.com/problems/search-a-2d-matrix-ii,Medium
81,Must Do Questions (1 - 500),"Array, Binary Search, Divide and Conquer, Matrix",https://leetcode.com/problems/reverse-integer,Medium
82,Must Do Questions (1 - 500),Math,https://leetcode.com/problems/search-insert-position,Medium
83,Must Do Questions (1 - 500),"Array, Binary Search",https://leetcode.com/problems/flatten-binary-tree-to-linked-list,Easy
84,Must Do Questions (1 - 500),"Linked List, Stack, Tree, Depth-First Search, Binary Tree",https://leetcode.com/problems/implement-trie-prefix-tree,Medium
85,Must Do Questions (1 - 500),"Hash Table, String, Design, Trie",https://leetcode.com/problems/daily-temperatures,Medium
86,Must Do Questions (1 - 500),"Array, Stack, Monotonic Stack",https://leetcode.com/problems/partition-labels,Medium
87,Must Do Questions (1 - 500),"Hash Table, Two Pointers, String, Greedy",https://leetcode.com/problems/perfect-squares,Medium
88,Must Do Questions (1 - 500),"Math, Dynamic Programming, Breadth-First Search",https://leetcode.com/problems/decode-ways,Medium
89,Must Do Questions (1 - 500),"String, Dynamic Programming",https://leetcode.com/problems/find-median-from-data-stream,Medium
90,Must Do Questions (1 - 500),"Two Pointers, Design, Sorting, Heap (Priority Queue), Data Stream",https://leetcode.com/problems/maximal-rectangle,Hard
91,Must Do Questions (1 - 500),"Array, Dynamic Programming, Stack, Matrix, Monotonic Stack",https://leetcode.com/problems/task-scheduler,Hard
92,Must Do Questions (1 - 500),"Array, Hash Table, Greedy, Sorting, Heap (Priority Queue), Counting",https://leetcode.com/problems/reverse-nodes-in-k-group,Medium
93,Must Do Questions (1 - 500),"Linked List, Recursion",https://leetcode.com/problems/spiral-matrix,Hard
94,Must Do Questions (1 - 500),"Array, Matrix, Simulation",https://leetcode.com/problems/target-sum,Medium
95,Must Do Questions (1 - 500),"Array, Dynamic Programming, Backtracking",https://leetcode.com/problems/find-all-numbers-disappeared-in-an-array,Medium
96,Must Do Questions (1 - 500),"Array, Hash Table",https://leetcode.com/problems/course-schedule-ii,Easy
97,Must Do Questions (1 - 500),"Depth-First Search, Breadth-First Search, Graph, Topological Sort",https://leetcode.com/problems/merge-two-binary-trees,Medium
98,Must Do Questions (1 - 500),"Tree, Depth-First Search, Breadth-First Search, Binary Tree",https://leetcode.com/problems/serialize-and-deserialize-binary-tree,Easy
99,Must Do Questions (1 - 500),"String, Tree, Depth-First Search, Breadth-First Search, Design, Binary Tree",https://leetcode.com/problems/linked-list-cycle-ii,Hard
100,Must Do Questions (1 - 500),"Hash Table, Linked List, Two Pointers",https://leetcode.com/problems/house-robber-iii,Medium
101,Must Do Questions (1 - 500),"Dynamic Programming, Tree, Depth-First Search, Binary Tree",https://leetcode.com/problems/sort-list,Medium
102,Must Do Questions (1 - 500),"Linked List, Two Pointers, Divide and Conquer, Sorting, Merge Sort",https://leetcode.com/problems/find-all-anagrams-in-a-string,Medium
103,Must Do Questions (1 - 500),"Hash Table, String, Sliding Window",https://leetcode.com/problems/binary-tree-right-side-view,Medium
104,Must Do Questions (1 - 500),"Tree, Depth-First Search, Breadth-First Search, Binary Tree",https://leetcode.com/problems/palindromic-substrings,Medium
105,Must Do Questions (1 - 500),"String, Dynamic Programming",https://leetcode.com/problems/maximum-depth-of-binary-tree,Medium
106,Must Do Questions (1 - 500),"Tree, Depth-First Search, Breadth-First Search, Binary Tree",https://leetcode.com/problems/rotting-oranges,Easy
107,Must Do Questions (1 - 500),"Array, Breadth-First Search, Matrix",https://leetcode.com/problems/set-matrix-zeroes,Medium
108,Must Do Questions (1 - 500),"Array, Hash Table, Matrix",https://leetcode.com/problems/convert-sorted-array-to-binary-search-tree,Medium
109,Must Do Questions (1 - 500),"Array, Divide and Conquer, Tree, Binary Search Tree, Binary Tree",https://leetcode.com/problems/search-a-2d-matrix,Easy
110,Must Do Questions (1 - 500),"Array, Binary Search, Matrix",https://leetcode.com/problems/find-minimum-in-rotated-sorted-array,Medium
111,Must Do Questions (1 - 500),"Array, Binary Search",https://leetcode.com/problems/populating-next-right-pointers-in-each-node,Medium
112,Must Do Questions (1 - 500),"Tree, Depth-First Search, Breadth-First Search, Binary Tree",https://leetcode.com/problems/remove-duplicates-from-sorted-array,Medium
113,Must Do Questions (1 - 500),"Array, Two Pointers",https://leetcode.com/problems/kth-smallest-element-in-a-bst,Easy
114,Must Do Questions (1 - 500),"Tree, Depth-First Search, Binary Search Tree, Binary Tree",https://leetcode.com/problems/minimum-size-subarray-sum,Medium
115,Must Do Questions (1 - 500),"Array, Binary Search, Sliding Window, Prefix Sum",https://leetcode.com/problems/find-all-duplicates-in-an-array,Medium
116,Must Do Questions (1 - 500),"Array, Hash Table",https://leetcode.com/problems/burst-balloons,Medium
117,Must Do Questions (1 - 500),"Array, Dynamic Programming",https://leetcode.com/problems/counting-bits,Hard
118,Must Do Questions (1 - 500),"Dynamic Programming, Bit Manipulation",https://leetcode.com/problems/all-nodes-distance-k-in-binary-tree,Easy
119,Must Do Questions (1 - 500),"Tree, Depth-First Search, Breadth-First Search, Binary Tree",https://leetcode.com/problems/swap-nodes-in-pairs,Medium
120,Must Do Questions (1 - 500),"Linked List, Recursion",https://leetcode.com/problems/reverse-linked-list-ii,Medium
121,Must Do Questions (1 - 500),Linked List,https://leetcode.com/problems/word-search-ii,Medium
122,Must Do Questions (1 - 500),"Array, String, Backtracking, Trie, Matrix",https://leetcode.com/problems/longest-common-subsequence,Hard
123,Must Do Questions (1 - 500),"String, Dynamic Programming",https://leetcode.com/problems/kth-smallest-element-in-a-sorted-matrix,Medium
124,Must Do Questions (1 - 500),"Array, Binary Search, Sorting, Heap (Priority Queue), Matrix",https://leetcode.com/problems/4sum,Medium
125,Must Do Questions (1 - 500),"Array, Two Pointers, Sorting",https://leetcode.com/problems/best-time-to-buy-and-sell-stock-iii,Medium
126,Must Do Questions (1 - 500),"Array, Dynamic Programming",https://leetcode.com/problems/best-time-to-buy-and-sell-stock-with-cooldown,Hard
127,Must Do Questions (1 - 500),"Array, Dynamic Programming",https://leetcode.com/problems/palindrome-partitioning,Medium
128,Must Do Questions (1 - 500),"String, Dynamic Programming, Backtracking",https://leetcode.com/problems/reorder-list,Medium
129,Must Do Questions (1 - 500),"Linked List, Two Pointers, Stack, Recursion",https://leetcode.com/problems/min-cost-climbing-stairs,Medium
130,Must Do Questions (1 - 500),"Array, Dynamic Programming",https://leetcode.com/problems/max-area-of-island,Easy
131,Must Do Questions (1 - 500),"Array, Depth-First Search, Breadth-First Search, Union Find, Matrix",https://leetcode.com/problems/count-of-smaller-numbers-after-self,Medium
132,Must Do Questions (1 - 500),"Array, Binary Search, Divide and Conquer, Binary Indexed Tree, Segment Tree, Merge Sort, Ordered Set",https://leetcode.com/problems/3sum-closest,Hard
133,Must Do Questions (1 - 500),"Array, Two Pointers, Sorting",https://leetcode.com/problems/binary-tree-zigzag-level-order-traversal,Medium
134,Must Do Questions (1 - 500),"Tree, Breadth-First Search, Binary Tree",https://leetcode.com/problems/find-peak-element,Medium
135,Must Do Questions (1 - 500),"Array, Binary Search",https://leetcode.com/problems/insert-delete-getrandom-o1,Medium
136,Must Do Questions (1 - 500),"Array, Hash Table, Math, Design, Randomized",https://leetcode.com/problems/balanced-binary-tree,Medium
137,Must Do Questions (1 - 500),"Tree, Depth-First Search, Binary Tree",https://leetcode.com/problems/palindrome-number,Easy
138,Must Do Questions (1 - 500),Math,https://leetcode.com/problems/n-queens,Easy
139,Must Do Questions (1 - 500),"Array, Backtracking",https://leetcode.com/problems/k-closest-points-to-origin,Hard
140,Must Do Questions (1 - 500),"Array, Math, Divide and Conquer, Geometry, Sorting, Heap (Priority Queue), Quickselect",https://leetcode.com/problems/odd-even-linked-list,Medium
141,Must Do Questions (1 - 500),Linked List,https://leetcode.com/problems/minimum-height-trees,Medium
142,Must Do Questions (1 - 500),"Depth-First Search, Breadth-First Search, Graph, Topological Sort",https://leetcode.com/problems/same-tree,Medium
143,Must Do Questions (1 - 500),"Tree, Depth-First Search, Breadth-First Search, Binary Tree",https://leetcode.com/problems/lowest-common-ancestor-of-a-binary-search-tree,Easy
144,Must Do Questions (1 - 500),"Tree, Depth-First Search, Binary Search Tree, Binary Tree",https://leetcode.com/problems/shortest-unsorted-continuous-subarray,Easy
145,Must Do Questions (1 - 500),"Array, Two Pointers, Stack, Greedy, Sorting, Monotonic Stack",https://leetcode.com/problems/binary-search-tree-iterator,Medium
146,Must Do Questions (1 - 500),"Stack, Tree, Design, Binary Search Tree, Binary Tree, Iterator",https://leetcode.com/problems/longest-increasing-path-in-a-matrix,Medium
147,Must Do Questions (1 - 500),"Dynamic Programming, Depth-First Search, Breadth-First Search, Graph, Topological Sort, Memoization",https://leetcode.com/problems/queue-reconstruction-by-height,Hard
148,Must Do Questions (1 - 500),"Array, Greedy, Sorting",https://leetcode.com/problems/path-sum,Medium
149,Must Do Questions (1 - 500),"Tree, Depth-First Search, Binary Tree",https://leetcode.com/problems/delete-node-in-a-bst,Easy
150,Must Do Questions (1 - 500),"Tree, Binary Search Tree, Binary Tree",https://leetcode.com/problems/subtree-of-another-tree,Medium
151,Must Do Questions (1 - 500),"Tree, Depth-First Search, String Matching, Binary Tree, Hash Function",https://leetcode.com/problems/missing-number,Easy
152,Must Do Questions (1 - 500),"Array, Hash Table, Math, Bit Manipulation, Sorting",https://leetcode.com/problems/longest-palindromic-subsequence,Easy
153,Must Do Questions (1 - 500),"String, Dynamic Programming",https://leetcode.com/problems/evaluate-division,Medium
154,Must Do Questions (1 - 500),"Array, Depth-First Search, Breadth-First Search, Union Find, Graph, Shortest Path",https://leetcode.com/problems/house-robber-ii,Medium
155,Must Do Questions (1 - 500),"Array, Dynamic Programming",https://leetcode.com/problems/pascals-triangle,Medium
156,Must Do Questions (1 - 500),"Array, Dynamic Programming",https://leetcode.com/problems/clone-graph,Easy
157,Must Do Questions (1 - 500),"Hash Table, Depth-First Search, Breadth-First Search, Graph",https://leetcode.com/problems/coin-change-2,Medium
158,Must Do Questions (1 - 500),"Array, Dynamic Programming",https://leetcode.com/problems/happy-number,Medium
159,Must Do Questions (1 - 500),"Hash Table, Math, Two Pointers",https://leetcode.com/problems/number-of-provinces,Easy
160,Must Do Questions (1 - 500),"Depth-First Search, Breadth-First Search, Union Find, Graph",https://leetcode.com/problems/single-element-in-a-sorted-array,Medium
161,Must Do Questions (1 - 500),"Array, Binary Search",https://leetcode.com/problems/gas-station,Medium
162,Must Do Questions (1 - 500),"Array, Greedy",https://leetcode.com/problems/unique-binary-search-trees-ii,Medium
163,Must Do Questions (1 - 500),"Dynamic Programming, Backtracking, Tree, Binary Search Tree, Binary Tree",https://leetcode.com/problems/cheapest-flights-within-k-stops,Medium
164,Must Do Questions (1 - 500),"Dynamic Programming, Depth-First Search, Breadth-First Search, Graph, Heap (Priority Queue), Shortest Path",https://leetcode.com/problems/middle-of-the-linked-list,Medium
165,Must Do Questions (1 - 500),"Linked List, Two Pointers",https://leetcode.com/problems/remove-k-digits,Easy
166,Must Do Questions (1 - 500),"String, Stack, Greedy, Monotonic Stack",https://leetcode.com/problems/sudoku-solver,Medium
167,Must Do Questions (1 - 500),"Array, Backtracking, Matrix",https://leetcode.com/problems/surrounded-regions,Hard
168,Must Do Questions (1 - 500),"Array, Depth-First Search, Breadth-First Search, Union Find, Matrix",https://leetcode.com/problems/count-complete-tree-nodes,Medium
169,Must Do Questions (1 - 500),"Binary Search, Tree, Depth-First Search, Binary Tree",https://leetcode.com/problems/remove-invalid-parentheses,Medium
170,Must Do Questions (1 - 500),"String, Backtracking, Breadth-First Search",https://leetcode.com/problems/partition-to-k-equal-sum-subsets,Hard
171,Must Do Questions (1 - 500),"Array, Dynamic Programming, Backtracking, Bit Manipulation, Memoization, Bitmask",https://leetcode.com/problems/two-sum-ii-input-array-is-sorted,Medium
172,Must Do Questions (1 - 500),"Array, Two Pointers, Binary Search",https://leetcode.com/problems/first-unique-character-in-a-string,Easy
173,Must Do Questions (1 - 500),"Hash Table, String, Queue, Counting",https://leetcode.com/problems/largest-number,Easy
174,Must Do Questions (1 - 500),"String, Greedy, Sorting",https://leetcode.com/problems/count-primes,Medium
175,Must Do Questions (1 - 500),"Array, Math, Enumeration, Number Theory",https://leetcode.com/problems/squares-of-a-sorted-array,Medium
176,Must Do Questions (1 - 500),"Array, Two Pointers, Sorting",https://leetcode.com/problems/permutations-ii,Easy
177,Must Do Questions (1 - 500),"Array, Backtracking",https://leetcode.com/problems/word-break-ii,Medium
178,Must Do Questions (1 - 500),"Hash Table, String, Dynamic Programming, Backtracking, Trie, Memoization",https://leetcode.com/problems/combination-sum-ii,Hard
179,Must Do Questions (1 - 500),"Array, Backtracking",https://leetcode.com/problems/triangle,Medium
180,Must Do Questions (1 - 500),"Array, Dynamic Programming",https://leetcode.com/problems/remove-linked-list-elements,Medium
181,Must Do Questions (1 - 500),"Linked List, Recursion",https://leetcode.com/problems/remove-duplicates-from-sorted-list-ii,Easy
182,Must Do Questions (1 - 500),"Linked List, Two Pointers",https://leetcode.com/problems/valid-sudoku,Medium
183,Must Do Questions (1 - 500),"Array, Hash Table, Matrix",https://leetcode.com/problems/path-sum-ii,Medium
184,Must Do Questions (1 - 500),"Backtracking, Tree, Depth-First Search, Binary Tree",https://leetcode.com/problems/convert-sorted-list-to-binary-search-tree,Medium
185,Must Do Questions (1 - 500),"Linked List, Divide and Conquer, Tree, Binary Search Tree, Binary Tree",https://leetcode.com/problems/insert-interval,Medium
186,Must Do Questions (1 - 500),Array,https://leetcode.com/problems/wildcard-matching,Medium
187,Must Do Questions (1 - 500),"String, Dynamic Programming, Greedy, Recursion",https://leetcode.com/problems/subsets-ii,Hard
188,Must Do Questions (1 - 500),"Array, Backtracking, Bit Manipulation",https://leetcode.com/problems/unique-paths-ii,Medium
189,Must Do Questions (1 - 500),"Array, Dynamic Programming, Matrix",https://leetcode.com/problems/split-array-largest-sum,Medium
190,Must Do Questions (1 - 500),"Array, Binary Search, Dynamic Programming, Greedy",https://leetcode.com/problems/reorganize-string,Hard
191,Must Do Questions (1 - 500),"Hash Table, String, Greedy, Sorting, Heap (Priority Queue), Counting",https://leetcode.com/problems/permutation-in-string,Medium
192,Must Do Questions (1 - 500),"Hash Table, Two Pointers, String, Sliding Window",https://leetcode.com/problems/majority-element-ii,Medium
193,Must Do Questions (1 - 500),"Array, Hash Table, Sorting, Counting",https://leetcode.com/problems/construct-binary-tree-from-inorder-and-postorder-traversal,Medium
194,Must Do Questions (1 - 500),"Array, Hash Table, Divide and Conquer, Tree, Binary Tree",https://leetcode.com/problems/minimum-cost-for-tickets,Medium
195,Must Do Questions (1 - 500),"Array, Dynamic Programming",https://leetcode.com/problems/top-k-frequent-words,Medium
196,Must Do Questions (1 - 500),"Hash Table, String, Trie, Sorting, Heap (Priority Queue), Bucket Sort, Counting",https://leetcode.com/problems/island-perimeter,Medium
197,Must Do Questions (1 - 500),"Array, Depth-First Search, Breadth-First Search, Matrix",https://leetcode.com/problems/remove-duplicates-from-sorted-list,Easy
198,Must Do Questions (1 - 500),Linked List,https://leetcode.com/problems/add-binary,Easy
199,Must Do Questions (1 - 500),"Math, String, Bit Manipulation, Simulation",https://leetcode.com/problems/01-matrix,Easy
200,Must Do Questions (1 - 500),"Array, Dynamic Programming, Breadth-First Search, Matrix",https://leetcode.com/problems/valid-anagram,Medium
201,Must Do Questions (1 - 500),"Hash Table, String, Sorting",https://leetcode.com/problems/multiply-strings,Easy
202,Must Do Questions (1 - 500),"Math, String, Simulation",https://leetcode.com/problems/first-bad-version,Medium
203,Must Do Questions (1 - 500),"Binary Search, Interactive",https://leetcode.com/problems/design-add-and-search-words-data-structure,Easy
204,Must Do Questions (1 - 500),"String, Depth-First Search, Design, Trie",https://leetcode.com/problems/next-greater-element-ii,Medium
205,Must Do Questions (1 - 500),"Array, Stack, Monotonic Stack",https://leetcode.com/problems/basic-calculator-ii,Medium
206,Must Do Questions (1 - 500),"Math, String, Stack",https://leetcode.com/problems/accounts-merge,Medium
207,Must Do Questions (1 - 500),"Array, String, Depth-First Search, Breadth-First Search, Union Find",https://leetcode.com/problems/valid-palindrome-ii,Medium
208,Must Do Questions (1 - 500),"Two Pointers, String, Greedy",https://leetcode.com/problems/delete-node-in-a-linked-list,Easy
209,Must Do Questions (1 - 500),Linked List,https://leetcode.com/problems/interval-list-intersections,Easy
210,Must Do Questions (1 - 500),"Array, Two Pointers",https://leetcode.com/problems/rotate-list,Medium
211,Must Do Questions (1 - 500),"Linked List, Two Pointers",https://leetcode.com/problems/sum-root-to-leaf-numbers,Medium
212,Must Do Questions (1 - 500),"Tree, Depth-First Search, Binary Tree",https://leetcode.com/problems/dungeon-game,Medium
213,Must Do Questions (1 - 500),"Array, Dynamic Programming, Matrix",https://leetcode.com/problems/powx-n,Hard
214,Must Do Questions (1 - 500),"Math, Recursion",https://leetcode.com/problems/max-consecutive-ones-iii,Medium
215,Must Do Questions (1 - 500),"Array, Binary Search, Sliding Window, Prefix Sum",https://leetcode.com/problems/intersection-of-two-arrays-ii,Medium
216,Must Do Questions (1 - 500),"Array, Hash Table, Two Pointers, Binary Search, Sorting",https://leetcode.com/problems/remove-duplicate-letters,Easy
217,Must Do Questions (1 - 500),"String, Stack, Greedy, Monotonic Stack",https://leetcode.com/problems/recover-binary-search-tree,Medium
218,Must Do Questions (1 - 500),"Tree, Depth-First Search, Binary Search Tree, Binary Tree",https://leetcode.com/problems/is-graph-bipartite,Medium
219,Must Do Questions (1 - 500),"Depth-First Search, Breadth-First Search, Union Find, Graph",https://leetcode.com/problems/contiguous-array,Medium
220,Must Do Questions (1 - 500),"Array, Hash Table, Prefix Sum",https://leetcode.com/problems/find-k-closest-elements,Medium
221,Must Do Questions (1 - 500),"Array, Two Pointers, Binary Search, Sorting, Heap (Priority Queue)",https://leetcode.com/problems/reverse-string,Medium
222,Must Do Questions (1 - 500),"Two Pointers, String, Recursion",https://leetcode.com/problems/range-sum-of-bst,Easy
223,Must Do Questions (1 - 500),"Tree, Depth-First Search, Binary Search Tree, Binary Tree",https://leetcode.com/problems/sort-characters-by-frequency,Easy
224,Must Do Questions (1 - 500),"Hash Table, String, Sorting, Heap (Priority Queue), Bucket Sort, Counting",https://leetcode.com/problems/longest-repeating-character-replacement,Medium
225,Must Do Questions (1 - 500),"Hash Table, String, Sliding Window",https://leetcode.com/problems/binary-tree-postorder-traversal,Medium
226,Must Do Questions (1 - 500),"Stack, Tree, Depth-First Search, Binary Tree",https://leetcode.com/problems/single-number-ii,Easy
227,Must Do Questions (1 - 500),"Array, Bit Manipulation",https://leetcode.com/problems/ugly-number-ii,Medium
228,Must Do Questions (1 - 500),"Hash Table, Math, Dynamic Programming, Heap (Priority Queue)",https://leetcode.com/problems/reconstruct-itinerary,Medium
229,Must Do Questions (1 - 500),"Depth-First Search, Graph, Eulerian Circuit",https://leetcode.com/problems/the-skyline-problem,Hard
230,Must Do Questions (1 - 500),"Array, Divide and Conquer, Binary Indexed Tree, Segment Tree, Line Sweep, Heap (Priority Queue), Ordered Set",https://leetcode.com/problems/single-number-iii,Hard
231,Must Do Questions (1 - 500),"Array, Bit Manipulation",https://leetcode.com/problems/is-subsequence,Medium
232,Must Do Questions (1 - 500),"Two Pointers, String, Dynamic Programming",https://leetcode.com/problems/network-delay-time,Easy
233,Must Do Questions (1 - 500),"Depth-First Search, Breadth-First Search, Graph, Heap (Priority Queue), Shortest Path",https://leetcode.com/problems/binary-tree-paths,Medium
234,Must Do Questions (1 - 500),"String, Tree, Depth-First Search, Binary Tree",https://leetcode.com/problems/longest-substring-with-at-least-k-repeating-characters,Easy
235,Must Do Questions (1 - 500),"Hash Table, String, Divide and Conquer, Sliding Window",https://leetcode.com/problems/minimum-depth-of-binary-tree,Medium
236,Must Do Questions (1 - 500),"Tree, Depth-First Search, Breadth-First Search, Binary Tree",https://leetcode.com/problems/best-time-to-buy-and-sell-stock-with-transaction-fee,Easy
237,Must Do Questions (1 - 500),"Array, Dynamic Programming, Greedy",https://leetcode.com/problems/non-decreasing-array,Medium
238,Must Do Questions (1 - 500),Array,https://leetcode.com/problems/interleaving-string,Medium
239,Must Do Questions (1 - 500),"String, Dynamic Programming",https://leetcode.com/problems/game-of-life,Medium
240,Must Do Questions (1 - 500),"Array, Matrix, Simulation",https://leetcode.com/problems/combinations,Medium
241,Must Do Questions (1 - 500),"Array, Backtracking",https://leetcode.com/problems/binary-tree-preorder-traversal,Medium
242,Must Do Questions (1 - 500),"Stack, Tree, Depth-First Search, Binary Tree",https://leetcode.com/problems/all-paths-from-source-to-target,Easy
243,Must Do Questions (1 - 500),"Backtracking, Depth-First Search, Breadth-First Search, Graph",https://leetcode.com/problems/plus-one,Medium
244,Must Do Questions (1 - 500),"Array, Math",https://leetcode.com/problems/best-time-to-buy-and-sell-stock-iv,Easy
245,Must Do Questions (1 - 500),"Array, Dynamic Programming",https://leetcode.com/problems/increasing-triplet-subsequence,Hard
246,Must Do Questions (1 - 500),"Array, Greedy",https://leetcode.com/problems/trim-a-binary-search-tree,Medium
247,Must Do Questions (1 - 500),"Tree, Depth-First Search, Binary Search Tree, Binary Tree",https://leetcode.com/problems/backspace-string-compare,Medium
248,Must Do Questions (1 - 500),"Two Pointers, String, Stack, Simulation",https://leetcode.com/problems/maximum-length-of-repeated-subarray,Easy
249,Must Do Questions (1 - 500),"Array, Binary Search, Dynamic Programming, Sliding Window, Rolling Hash, Hash Function",https://leetcode.com/problems/capacity-to-ship-packages-within-d-days,Medium
250,Must Do Questions (1 - 500),"Array, Binary Search, Greedy",https://leetcode.com/problems/implement-strstr,Medium
251,Must Do Questions (1 - 500),"Two Pointers, String, String Matching",https://leetcode.com/problems/word-ladder-ii,Easy
252,Must Do Questions (1 - 500),"Hash Table, String, Backtracking, Breadth-First Search",https://leetcode.com/problems/subarray-product-less-than-k,Hard
253,Must Do Questions (1 - 500),"Array, Sliding Window",https://leetcode.com/problems/contains-duplicate,Medium
254,Must Do Questions (1 - 500),"Array, Hash Table, Sorting",https://leetcode.com/problems/flatten-a-multilevel-doubly-linked-list,Easy
255,Must Do Questions (1 - 500),"Linked List, Depth-First Search, Doubly-Linked List",https://leetcode.com/problems/populating-next-right-pointers-in-each-node-ii,Medium
256,Must Do Questions (1 - 500),"Tree, Depth-First Search, Breadth-First Search, Binary Tree",https://leetcode.com/problems/maximum-binary-tree,Medium
257,Must Do Questions (1 - 500),"Array, Divide and Conquer, Stack, Tree, Monotonic Stack, Binary Tree",https://leetcode.com/problems/minimum-remove-to-make-valid-parentheses,Medium
258,Must Do Questions (1 - 500),"String, Stack",https://leetcode.com/problems/distribute-coins-in-binary-tree,Medium
259,Must Do Questions (1 - 500),"Tree, Depth-First Search, Binary Tree",https://leetcode.com/problems/critical-connections-in-a-network,Medium
260,Must Do Questions (1 - 500),"Depth-First Search, Graph, Biconnected Component",https://leetcode.com/problems/basic-calculator,Hard
261,Must Do Questions (1 - 500),"Math, String, Stack, Recursion",https://leetcode.com/problems/redundant-connection,Hard
262,Must Do Questions (1 - 500),"Depth-First Search, Breadth-First Search, Union Find, Graph",https://leetcode.com/problems/jewels-and-stones,Medium
263,Must Do Questions (1 - 500),"Hash Table, String",https://leetcode.com/problems/non-overlapping-intervals,Easy
264,Must Do Questions (1 - 500),"Array, Dynamic Programming, Greedy, Sorting",https://leetcode.com/problems/flood-fill,Medium
265,Must Do Questions (1 - 500),"Array, Depth-First Search, Breadth-First Search, Matrix",https://leetcode.com/problems/zigzag-conversion,Easy
266,Must Do Questions (1 - 500),String,https://leetcode.com/problems/maximum-width-of-binary-tree,Medium
267,Must Do Questions (1 - 500),"Tree, Depth-First Search, Breadth-First Search, Binary Tree",https://leetcode.com/problems/permutation-sequence,Medium
268,Must Do Questions (1 - 500),"Math, Recursion",https://leetcode.com/problems/construct-binary-search-tree-from-preorder-traversal,Hard
269,Must Do Questions (1 - 500),"Array, Stack, Tree, Binary Search Tree, Monotonic Stack, Binary Tree",https://leetcode.com/problems/different-ways-to-add-parentheses,Medium
270,Must Do Questions (1 - 500),"Math, String, Dynamic Programming, Recursion, Memoization",https://leetcode.com/problems/search-in-rotated-sorted-array-ii,Medium
271,Must Do Questions (1 - 500),"Array, Binary Search",https://leetcode.com/problems/add-two-numbers-ii,Medium
272,Must Do Questions (1 - 500),"Linked List, Math, Stack",https://leetcode.com/problems/two-sum-iv-input-is-a-bst,Medium
273,Must Do Questions (1 - 500),"Hash Table, Two Pointers, Tree, Depth-First Search, Breadth-First Search, Binary Search Tree, Binary Tree",https://leetcode.com/problems/convert-bst-to-greater-tree,Easy
274,Must Do Questions (1 - 500),"Tree, Depth-First Search, Binary Search Tree, Binary Tree",https://leetcode.com/problems/partition-list,Medium
275,Must Do Questions (1 - 500),"Linked List, Two Pointers",https://leetcode.com/problems/sqrtx,Medium
276,Must Do Questions (1 - 500),"Math, Binary Search",https://leetcode.com/problems/isomorphic-strings,Easy
277,Must Do Questions (1 - 500),"Hash Table, String",https://leetcode.com/problems/number-of-longest-increasing-subsequence,Easy
278,Must Do Questions (1 - 500),"Array, Dynamic Programming, Binary Indexed Tree, Segment Tree",https://leetcode.com/problems/binary-search,Medium
279,Must Do Questions (1 - 500),"Array, Binary Search",https://leetcode.com/problems/valid-parenthesis-string,Easy
280,Must Do Questions (1 - 500),"String, Dynamic Programming, Stack, Greedy",https://leetcode.com/problems/repeated-substring-pattern,Medium
281,Must Do Questions (1 - 500),"String, String Matching",https://leetcode.com/problems/remove-element,Easy
282,Must Do Questions (1 - 500),"Array, Two Pointers",https://leetcode.com/problems/combination-sum-iv,Easy
283,Must Do Questions (1 - 500),"Array, Dynamic Programming",https://leetcode.com/problems/distinct-subsequences,Medium
284,Must Do Questions (1 - 500),"String, Dynamic Programming",https://leetcode.com/problems/asteroid-collision,Hard
285,Must Do Questions (1 - 500),"Array, Stack",https://leetcode.com/problems/largest-divisible-subset,Medium
286,Must Do Questions (1 - 500),"Array, Math, Dynamic Programming, Sorting",https://leetcode.com/problems/pacific-atlantic-water-flow,Medium
287,Must Do Questions (1 - 500),"Array, Depth-First Search, Breadth-First Search, Matrix",https://leetcode.com/problems/132-pattern,Medium
288,Must Do Questions (1 - 500),"Array, Binary Search, Stack, Monotonic Stack, Ordered Set",https://leetcode.com/problems/delete-and-earn,Medium
289,Must Do Questions (1 - 500),"Array, Hash Table, Dynamic Programming",https://leetcode.com/problems/sum-of-subarray-minimums,Medium
290,Must Do Questions (1 - 500),"Array, Dynamic Programming, Stack, Monotonic Stack",https://leetcode.com/problems/count-square-submatrices-with-all-ones,Medium
291,Must Do Questions (1 - 500),"Array, Dynamic Programming, Matrix",https://leetcode.com/problems/palindrome-partitioning-ii,Medium
292,Must Do Questions (1 - 500),"String, Dynamic Programming",https://leetcode.com/problems/sum-of-left-leaves,Hard
293,Must Do Questions (1 - 500),"Tree, Depth-First Search, Breadth-First Search, Binary Tree",https://leetcode.com/problems/hamming-distance,Easy
294,Must Do Questions (1 - 500),Bit Manipulation,https://leetcode.com/problems/flatten-nested-list-iterator,Easy
295,Must Do Questions (1 - 500),"Stack, Tree, Depth-First Search, Design, Queue, Iterator",https://leetcode.com/problems/score-of-parentheses,Medium
296,Must Do Questions (1 - 500),"String, Stack",https://leetcode.com/problems/longest-string-chain,Medium
297,Must Do Questions (1 - 500),"Array, Hash Table, Two Pointers, String, Dynamic Programming",https://leetcode.com/problems/valid-palindrome,Medium
298,Must Do Questions (1 - 500),"Two Pointers, String",https://leetcode.com/problems/longest-univalue-path,Easy
299,Must Do Questions (1 - 500),"Tree, Depth-First Search, Binary Tree",https://leetcode.com/problems/letter-case-permutation,Medium
300,Must Do Questions (1 - 500),"String, Backtracking, Bit Manipulation",https://leetcode.com/problems/binary-tree-level-order-traversal-ii,Medium
301,Must Do Questions (1 - 500),"Tree, Breadth-First Search, Binary Tree",https://leetcode.com/problems/find-duplicate-subtrees,Medium
302,Must Do Questions (1 - 500),"Tree, Depth-First Search, Breadth-First Search, Binary Tree",https://leetcode.com/problems/minimum-cost-tree-from-leaf-values,Medium
303,Must Do Questions (1 - 500),"Dynamic Programming, Stack, Greedy, Monotonic Stack",https://leetcode.com/problems/lfu-cache,Medium
304,Must Do Questions (1 - 500),"Hash Table, Linked List, Design, Doubly-Linked List",https://leetcode.com/problems/russian-doll-envelopes,Hard
305,Must Do Questions (1 - 500),"Array, Binary Search, Dynamic Programming, Sorting",https://leetcode.com/problems/maximum-profit-in-job-scheduling,Hard
306,Must Do Questions (1 - 500),"Array, Binary Search, Dynamic Programming, Sorting",https://leetcode.com/problems/add-strings,Hard
307,Must Do Questions (1 - 500),"Math, String, Simulation",https://leetcode.com/problems/pairs-of-songs-with-total-durations-divisible-by-60,Easy
308,Must Do Questions (1 - 500),"Array, Hash Table, Counting",https://leetcode.com/problems/implement-queue-using-stacks,Medium
309,Must Do Questions (1 - 500),"Stack, Design, Queue",https://leetcode.com/problems/maximum-xor-of-two-numbers-in-an-array,Easy
310,Must Do Questions (1 - 500),"Array, Hash Table, Bit Manipulation, Trie",https://leetcode.com/problems/roman-to-integer,Medium
311,Must Do Questions (1 - 500),"Hash Table, Math, String",https://leetcode.com/problems/find-the-town-judge,Easy
312,Must Do Questions (1 - 500),"Array, Hash Table, Graph",https://leetcode.com/problems/find-k-pairs-with-smallest-sums,Easy
313,Must Do Questions (1 - 500),"Array, Heap (Priority Queue)",https://leetcode.com/problems/merge-sorted-array,Medium
314,Must Do Questions (1 - 500),"Array, Two Pointers, Sorting",https://leetcode.com/problems/remove-all-adjacent-duplicates-in-string,Easy
315,Must Do Questions (1 - 500),"String, Stack",https://leetcode.com/problems/reverse-words-in-a-string,Easy
316,Must Do Questions (1 - 500),"Two Pointers, String",https://leetcode.com/problems/4sum-ii,Medium
317,Must Do Questions (1 - 500),"Array, Hash Table",https://leetcode.com/problems/average-of-levels-in-binary-tree,Medium
318,Must Do Questions (1 - 500),"Tree, Depth-First Search, Breadth-First Search, Binary Tree",https://leetcode.com/problems/find-pivot-index,Easy
319,Must Do Questions (1 - 500),"Array, Prefix Sum",https://leetcode.com/problems/how-many-numbers-are-smaller-than-the-current-number,Easy
320,Must Do Questions (1 - 500),"Array, Hash Table, Sorting, Counting",https://leetcode.com/problems/integer-to-roman,Easy
321,Must Do Questions (1 - 500),"Hash Table, Math, String",https://leetcode.com/problems/keys-and-rooms,Medium
322,Must Do Questions (1 - 500),"Depth-First Search, Breadth-First Search, Graph",https://leetcode.com/problems/power-of-two,Medium
323,Must Do Questions (1 - 500),"Math, Bit Manipulation, Recursion",https://leetcode.com/problems/subarrays-with-k-different-integers,Easy
324,Must Do Questions (1 - 500),"Array, Hash Table, Sliding Window, Counting",https://leetcode.com/problems/predict-the-winner,Hard
325,Must Do Questions (1 - 500),"Array, Math, Dynamic Programming, Recursion, Game Theory",https://leetcode.com/problems/maximum-sum-circular-subarray,Medium
326,Must Do Questions (1 - 500),"Array, Divide and Conquer, Dynamic Programming, Queue, Monotonic Queue",https://leetcode.com/problems/fibonacci-number,Medium
327,Must Do Questions (1 - 500),"Math, Dynamic Programming, Recursion, Memoization",https://leetcode.com/problems/reverse-bits,Easy
328,Must Do Questions (1 - 500),"Divide and Conquer, Bit Manipulation",https://leetcode.com/problems/delete-nodes-and-return-forest,Easy
329,Must Do Questions (1 - 500),"Tree, Depth-First Search, Binary Tree",https://leetcode.com/problems/shortest-subarray-with-sum-at-least-k,Medium
330,Must Do Questions (1 - 500),"Array, Binary Search, Queue, Sliding Window, Heap (Priority Queue), Prefix Sum, Monotonic Queue",https://leetcode.com/problems/find-minimum-in-rotated-sorted-array-ii,Hard
331,Must Do Questions (1 - 500),"Array, Binary Search",https://leetcode.com/problems/word-pattern,Hard
332,Must Do Questions (1 - 500),"Hash Table, String",https://leetcode.com/problems/arithmetic-slices,Easy
333,Must Do Questions (1 - 500),"Array, Dynamic Programming",https://leetcode.com/problems/ones-and-zeroes,Medium
334,Must Do Questions (1 - 500),"Array, String, Dynamic Programming",https://leetcode.com/problems/unique-paths-iii,Medium
335,Must Do Questions (1 - 500),"Array, Backtracking, Bit Manipulation, Matrix",https://leetcode.com/problems/range-sum-query-mutable,Hard
336,Must Do Questions (1 - 500),"Array, Design, Binary Indexed Tree, Segment Tree",https://leetcode.com/problems/vertical-order-traversal-of-a-binary-tree,Medium
337,Must Do Questions (1 - 500),"Hash Table, Tree, Depth-First Search, Breadth-First Search, Binary Tree",https://leetcode.com/problems/candy,Hard
338,Must Do Questions (1 - 500),"Array, Greedy",https://leetcode.com/problems/remove-duplicates-from-sorted-array-ii,Hard
339,Must Do Questions (1 - 500),"Array, Two Pointers",https://leetcode.com/problems/number-of-matching-subsequences,Medium
340,Must Do Questions (1 - 500),"Hash Table, String, Trie, Sorting",https://leetcode.com/problems/koko-eating-bananas,Medium
341,Must Do Questions (1 - 500),"Array, Binary Search",https://leetcode.com/problems/open-the-lock,Medium
342,Must Do Questions (1 - 500),"Array, Hash Table, String, Breadth-First Search",https://leetcode.com/problems/serialize-and-deserialize-bst,Medium
343,Must Do Questions (1 - 500),"String, Tree, Depth-First Search, Breadth-First Search, Design, Binary Search Tree, Binary Tree",https://leetcode.com/problems/combination-sum-iii,Medium
344,Must Do Questions (1 - 500),"Array, Backtracking",https://leetcode.com/problems/palindrome-pairs,Medium
345,Must Do Questions (1 - 500),"Array, Hash Table, String, Trie",https://leetcode.com/problems/verifying-an-alien-dictionary,Hard
346,Must Do Questions (1 - 500),"Array, Hash Table, String",https://leetcode.com/problems/evaluate-reverse-polish-notation,Easy
347,Must Do Questions (1 - 500),"Array, Math, Stack",https://leetcode.com/problems/trapping-rain-water-ii,Medium
348,Must Do Questions (1 - 500),"Array, Breadth-First Search, Heap (Priority Queue), Matrix",https://leetcode.com/problems/maximum-points-you-can-obtain-from-cards,Hard
349,Must Do Questions (1 - 500),"Array, Sliding Window, Prefix Sum",https://leetcode.com/problems/cousins-in-binary-tree,Medium
350,Must Do Questions (1 - 500),"Tree, Depth-First Search, Breadth-First Search, Binary Tree",https://leetcode.com/problems/divide-two-integers,Easy
351,Must Do Questions (1 - 500),"Math, Bit Manipulation",https://leetcode.com/problems/delete-operation-for-two-strings,Medium
352,Must Do Questions (1 - 500),"String, Dynamic Programming",https://leetcode.com/problems/minimum-number-of-arrows-to-burst-balloons,Medium
353,Must Do Questions (1 - 500),"Array, Greedy, Sorting",https://leetcode.com/problems/subarray-sums-divisible-by-k,Medium
354,Must Do Questions (1 - 500),"Array, Hash Table, Prefix Sum",https://leetcode.com/problems/count-binary-substrings,Medium
355,Must Do Questions (1 - 500),"Two Pointers, String",https://leetcode.com/problems/restore-ip-addresses,Easy
356,Must Do Questions (1 - 500),"String, Backtracking",https://leetcode.com/problems/spiral-matrix-ii,Medium
357,Must Do Questions (1 - 500),"Array, Matrix, Simulation",https://leetcode.com/problems/maximum-frequency-stack,Medium
358,Must Do Questions (1 - 500),"Hash Table, Stack, Design, Ordered Set",https://leetcode.com/problems/integer-break,Hard
359,Must Do Questions (1 - 500),"Math, Dynamic Programming",https://leetcode.com/problems/sort-array-by-parity,Medium
360,Must Do Questions (1 - 500),"Array, Two Pointers, Sorting",https://leetcode.com/problems/binary-tree-cameras,Easy
361,Must Do Questions (1 - 500),"Dynamic Programming, Tree, Depth-First Search, Binary Tree",https://leetcode.com/problems/wiggle-subsequence,Hard
362,Must Do Questions (1 - 500),"Array, Dynamic Programming, Greedy",https://leetcode.com/problems/jump-game-iii,Medium
363,Must Do Questions (1 - 500),"Array, Depth-First Search, Breadth-First Search",https://leetcode.com/problems/number-of-1-bits,Medium
364,Must Do Questions (1 - 500),Bit Manipulation,https://leetcode.com/problems/insert-into-a-binary-search-tree,Easy
365,Must Do Questions (1 - 500),"Tree, Binary Search Tree, Binary Tree",https://leetcode.com/problems/maximum-product-of-three-numbers,Medium
366,Must Do Questions (1 - 500),"Array, Math, Sorting",https://leetcode.com/problems/expression-add-operators,Easy
367,Must Do Questions (1 - 500),"Math, String, Backtracking",https://leetcode.com/problems/excel-sheet-column-title,Hard
368,Must Do Questions (1 - 500),"Math, String",https://leetcode.com/problems/reverse-pairs,Easy
369,Must Do Questions (1 - 500),"Array, Binary Search, Divide and Conquer, Binary Indexed Tree, Segment Tree, Merge Sort, Ordered Set",https://leetcode.com/problems/sum-of-distances-in-tree,Hard
370,Must Do Questions (1 - 500),"Dynamic Programming, Tree, Depth-First Search, Graph",https://leetcode.com/problems/two-city-scheduling,Hard
371,Must Do Questions (1 - 500),"Array, Greedy, Sorting",https://leetcode.com/problems/remove-all-adjacent-duplicates-in-string-ii,Medium
372,Must Do Questions (1 - 500),"String, Stack",https://leetcode.com/problems/range-sum-query-2d-immutable,Medium
373,Must Do Questions (1 - 500),"Array, Design, Matrix, Prefix Sum",https://leetcode.com/problems/2-keys-keyboard,Medium
374,Must Do Questions (1 - 500),"Math, Dynamic Programming",https://leetcode.com/problems/intersection-of-two-arrays,Medium
375,Must Do Questions (1 - 500),"Array, Hash Table, Two Pointers, Binary Search, Sorting",https://leetcode.com/problems/validate-stack-sequences,Easy
376,Must Do Questions (1 - 500),"Array, Stack, Simulation",https://leetcode.com/problems/longest-palindrome,Medium
377,Must Do Questions (1 - 500),"Hash Table, String, Greedy",https://leetcode.com/problems/search-in-a-binary-search-tree,Easy
378,Must Do Questions (1 - 500),"Tree, Binary Search Tree, Binary Tree",https://leetcode.com/problems/minimum-number-of-refueling-stops,Easy
379,Must Do Questions (1 - 500),"Array, Dynamic Programming, Greedy, Heap (Priority Queue)",https://leetcode.com/problems/valid-triangle-number,Hard
380,Must Do Questions (1 - 500),"Array, Two Pointers, Binary Search, Greedy, Sorting",https://leetcode.com/problems/all-possible-full-binary-trees,Medium
381,Must Do Questions (1 - 500),"Dynamic Programming, Tree, Recursion, Memoization, Binary Tree",https://leetcode.com/problems/reverse-words-in-a-string-iii,Medium
382,Must Do Questions (1 - 500),"Two Pointers, String",https://leetcode.com/problems/excel-sheet-column-number,Easy
383,Must Do Questions (1 - 500),"Math, String",https://leetcode.com/problems/cherry-pickup,Easy
384,Must Do Questions (1 - 500),"Array, Dynamic Programming, Matrix",https://leetcode.com/problems/design-hashmap,Hard
385,Must Do Questions (1 - 500),"Array, Hash Table, Linked List, Design, Hash Function",https://leetcode.com/problems/binary-tree-pruning,Easy
386,Must Do Questions (1 - 500),"Tree, Depth-First Search, Binary Tree",https://leetcode.com/problems/sum-of-two-integers,Medium
387,Must Do Questions (1 - 500),"Math, Bit Manipulation",https://leetcode.com/problems/online-stock-span,Medium
388,Must Do Questions (1 - 500),"Stack, Design, Monotonic Stack, Data Stream",https://leetcode.com/problems/convert-binary-number-in-a-linked-list-to-integer,Medium
389,Must Do Questions (1 - 500),"Linked List, Math",https://leetcode.com/problems/binary-search-tree-to-greater-sum-tree,Easy
390,Must Do Questions (1 - 500),"Tree, Depth-First Search, Binary Search Tree, Binary Tree",https://leetcode.com/problems/max-consecutive-ones,Medium
391,Must Do Questions (1 - 500),Array,https://leetcode.com/problems/running-sum-of-1d-array,Easy
392,Must Do Questions (1 - 500),"Array, Prefix Sum",https://leetcode.com/problems/maximum-swap,Easy
393,Must Do Questions (1 - 500),"Math, Greedy",https://leetcode.com/problems/shortest-palindrome,Medium
394,Must Do Questions (1 - 500),"String, Rolling Hash, String Matching, Hash Function",https://leetcode.com/problems/most-stones-removed-with-same-row-or-column,Hard
395,Must Do Questions (1 - 500),"Depth-First Search, Union Find, Graph",https://leetcode.com/problems/maximum-difference-between-node-and-ancestor,Medium
396,Must Do Questions (1 - 500),"Tree, Depth-First Search, Binary Tree",https://leetcode.com/problems/frog-jump,Medium
397,Must Do Questions (1 - 500),"Array, Dynamic Programming",https://leetcode.com/problems/pascals-triangle-ii,Hard
398,Must Do Questions (1 - 500),"Array, Dynamic Programming",https://leetcode.com/problems/deepest-leaves-sum,Easy
399,Must Do Questions (1 - 500),"Tree, Depth-First Search, Breadth-First Search, Binary Tree",https://leetcode.com/problems/shortest-bridge,Medium
400,Must Do Questions (1 - 500),"Array, Depth-First Search, Breadth-First Search, Matrix",https://leetcode.com/problems/bitwise-and-of-numbers-range,Medium
401,Must Do Questions (1 - 500),Bit Manipulation,https://leetcode.com/problems/super-egg-drop,Medium
402,Must Do Questions (1 - 500),"Math, Binary Search, Dynamic Programming",https://leetcode.com/problems/contains-duplicate-iii,Hard
403,Must Do Questions (1 - 500),"Array, Sliding Window, Sorting, Bucket Sort, Ordered Set",https://leetcode.com/problems/robot-bounded-in-circle,Medium
404,Must Do Questions (1 - 500),"Math, String, Simulation",https://leetcode.com/problems/increasing-order-search-tree,Medium
405,Must Do Questions (1 - 500),"Stack, Tree, Depth-First Search, Binary Search Tree, Binary Tree",https://leetcode.com/problems/find-common-characters,Easy
406,Must Do Questions (1 - 500),"Array, Hash Table, String",https://leetcode.com/problems/shortest-distance-to-a-character,Easy
407,Must Do Questions (1 - 500),"Array, Two Pointers, String",https://leetcode.com/problems/can-place-flowers,Easy
408,Must Do Questions (1 - 500),"Array, Greedy",https://leetcode.com/problems/contains-duplicate-ii,Easy
409,Must Do Questions (1 - 500),"Array, Hash Table, Sliding Window",https://leetcode.com/problems/number-of-good-pairs,Easy
410,Must Do Questions (1 - 500),"Array, Hash Table, Math, Counting",https://leetcode.com/problems/minimum-add-to-make-parentheses-valid,Easy
411,Must Do Questions (1 - 500),"String, Stack, Greedy",https://leetcode.com/problems/maximum-length-of-pair-chain,Medium
412,Must Do Questions (1 - 500),"Array, Dynamic Programming, Greedy, Sorting",https://leetcode.com/problems/possible-bipartition,Medium
413,Must Do Questions (1 - 500),"Depth-First Search, Breadth-First Search, Union Find, Graph",https://leetcode.com/problems/split-array-into-consecutive-subsequences,Medium
414,Must Do Questions (1 - 500),"Array, Hash Table, Greedy, Heap (Priority Queue)",https://leetcode.com/problems/making-a-large-island,Medium
415,Must Do Questions (1 - 500),"Array, Depth-First Search, Breadth-First Search, Union Find, Matrix",https://leetcode.com/problems/shortest-path-in-binary-matrix,Hard
416,Must Do Questions (1 - 500),"Array, Breadth-First Search, Matrix",https://leetcode.com/problems/count-good-nodes-in-binary-tree,Medium
417,Must Do Questions (1 - 500),"Tree, Depth-First Search, Breadth-First Search, Binary Tree",https://leetcode.com/problems/shuffle-the-array,Medium
418,Must Do Questions (1 - 500),Array,https://leetcode.com/problems/sliding-window-median,Easy
419,Must Do Questions (1 - 500),"Array, Hash Table, Sliding Window, Heap (Priority Queue)",https://leetcode.com/problems/kth-missing-positive-number,Hard
420,Must Do Questions (1 - 500),"Array, Binary Search",https://leetcode.com/problems/peak-index-in-a-mountain-array,Easy
421,Must Do Questions (1 - 500),"Array, Binary Search",https://leetcode.com/problems/next-greater-node-in-linked-list,Easy
422,Must Do Questions (1 - 500),"Array, Linked List, Stack, Monotonic Stack",https://leetcode.com/problems/minimum-swaps-to-make-sequences-increasing,Medium
423,Must Do Questions (1 - 500),"Array, Dynamic Programming",https://leetcode.com/problems/wiggle-sort-ii,Hard
424,Must Do Questions (1 - 500),"Array, Divide and Conquer, Sorting, Quickselect",https://leetcode.com/problems/smallest-range-covering-elements-from-k-lists,Medium
425,Must Do Questions (1 - 500),"Array, Hash Table, Greedy, Sliding Window, Sorting, Heap (Priority Queue)",https://leetcode.com/problems/integer-to-english-words,Hard
426,Must Do Questions (1 - 500),"Math, String, Recursion",https://leetcode.com/problems/partition-array-for-maximum-sum,Hard
427,Must Do Questions (1 - 500),"Array, Dynamic Programming",https://leetcode.com/problems/maximum-gap,Medium
428,Must Do Questions (1 - 500),"Array, Sorting, Bucket Sort, Radix Sort",https://leetcode.com/problems/find-mode-in-binary-search-tree,Hard
429,Must Do Questions (1 - 500),"Tree, Depth-First Search, Binary Search Tree, Binary Tree",https://leetcode.com/problems/longest-arithmetic-subsequence,Easy
430,Must Do Questions (1 - 500),"Array, Hash Table, Binary Search, Dynamic Programming",https://leetcode.com/problems/last-stone-weight-ii,Medium
431,Must Do Questions (1 - 500),"Array, Dynamic Programming",https://leetcode.com/problems/last-stone-weight,Medium
432,Must Do Questions (1 - 500),"Array, Heap (Priority Queue)",https://leetcode.com/problems/find-bottom-left-tree-value,Easy
433,Must Do Questions (1 - 500),"Tree, Depth-First Search, Breadth-First Search, Binary Tree",https://leetcode.com/problems/regions-cut-by-slashes,Medium
434,Must Do Questions (1 - 500),"Depth-First Search, Breadth-First Search, Union Find, Graph",https://leetcode.com/problems/beautiful-arrangement,Medium
435,Must Do Questions (1 - 500),"Array, Dynamic Programming, Backtracking, Bit Manipulation, Bitmask",https://leetcode.com/problems/minimum-falling-path-sum,Medium
436,Must Do Questions (1 - 500),"Array, Dynamic Programming, Matrix",https://leetcode.com/problems/diagonal-traverse,Medium
437,Must Do Questions (1 - 500),"Array, Matrix, Simulation",https://leetcode.com/problems/longest-continuous-subarray-with-absolute-diff-less-than-or-equal-to-limit,Medium
438,Must Do Questions (1 - 500),"Array, Queue, Sliding Window, Heap (Priority Queue), Ordered Set, Monotonic Queue",https://leetcode.com/problems/number-complement,Medium
439,Must Do Questions (1 - 500),Bit Manipulation,https://leetcode.com/problems/valid-perfect-square,Easy
440,Must Do Questions (1 - 500),"Math, Binary Search",https://leetcode.com/problems/arranging-coins,Easy
441,Must Do Questions (1 - 500),"Math, Binary Search",https://leetcode.com/problems/next-greater-element-iii,Easy
442,Must Do Questions (1 - 500),"Math, Two Pointers, String",https://leetcode.com/problems/path-with-minimum-effort,Medium
443,Must Do Questions (1 - 500),"Array, Binary Search, Depth-First Search, Breadth-First Search, Union Find, Heap (Priority Queue), Matrix",https://leetcode.com/problems/search-suggestions-system,Medium
444,Must Do Questions (1 - 500),"Array, String, Trie",https://leetcode.com/problems/flipping-an-image,Medium
445,Must Do Questions (1 - 500),"Array, Two Pointers, Matrix, Simulation",https://leetcode.com/problems/kth-largest-element-in-a-stream,Easy
446,Must Do Questions (1 - 500),"Tree, Design, Binary Search Tree, Heap (Priority Queue), Binary Tree, Data Stream",https://leetcode.com/problems/max-sum-of-rectangle-no-larger-than-k,Easy
447,Must Do Questions (1 - 500),"Array, Binary Search, Dynamic Programming, Matrix, Ordered Set",https://leetcode.com/problems/time-based-key-value-store,Hard
448,Must Do Questions (1 - 500),"Hash Table, String, Binary Search, Design",https://leetcode.com/problems/insertion-sort-list,Medium
449,Must Do Questions (1 - 500),"Linked List, Sorting",https://leetcode.com/problems/string-compression,Medium
450,Must Do Questions (1 - 500),"Two Pointers, String",https://leetcode.com/problems/maximum-depth-of-n-ary-tree,Medium
451,Must Do Questions (1 - 500),"Tree, Depth-First Search, Breadth-First Search",https://leetcode.com/problems/factorial-trailing-zeroes,Easy
452,Must Do Questions (1 - 500),Math,https://leetcode.com/problems/car-pooling,Medium
453,Must Do Questions (1 - 500),"Array, Sorting, Heap (Priority Queue), Simulation, Prefix Sum",https://leetcode.com/problems/find-largest-value-in-each-tree-row,Medium
454,Must Do Questions (1 - 500),"Tree, Depth-First Search, Breadth-First Search, Binary Tree",https://leetcode.com/problems/shortest-common-supersequence,Medium
455,Must Do Questions (1 - 500),"String, Dynamic Programming",https://leetcode.com/problems/number-of-dice-rolls-with-target-sum,Hard
456,Must Do Questions (1 - 500),Dynamic Programming,https://leetcode.com/problems/design-twitter,Medium
457,Must Do Questions (1 - 500),"Hash Table, Linked List, Design, Heap (Priority Queue)",https://leetcode.com/problems/array-nesting,Medium
458,Must Do Questions (1 - 500),"Array, Depth-First Search",https://leetcode.com/problems/stone-game,Medium
459,Must Do Questions (1 - 500),"Array, Math, Dynamic Programming, Game Theory",https://leetcode.com/problems/degree-of-an-array,Medium
460,Must Do Questions (1 - 500),"Array, Hash Table",https://leetcode.com/problems/find-the-difference,Easy
461,Must Do Questions (1 - 500),"Hash Table, String, Bit Manipulation, Sorting",https://leetcode.com/problems/minimum-absolute-difference-in-bst,Easy
462,Must Do Questions (1 - 500),"Tree, Depth-First Search, Breadth-First Search, Binary Search Tree, Binary Tree",https://leetcode.com/problems/count-negative-numbers-in-a-sorted-matrix,Easy
463,Must Do Questions (1 - 500),"Array, Binary Search, Matrix",https://leetcode.com/problems/course-schedule-iii,Easy
464,Must Do Questions (1 - 500),"Array, Greedy, Heap (Priority Queue)",https://leetcode.com/problems/smallest-subtree-with-all-the-deepest-nodes,Hard
465,Must Do Questions (1 - 500),"Hash Table, Tree, Depth-First Search, Breadth-First Search, Binary Tree",https://leetcode.com/problems/reshape-the-matrix,Medium
466,Must Do Questions (1 - 500),"Array, Matrix, Simulation",https://leetcode.com/problems/toeplitz-matrix,Easy
467,Must Do Questions (1 - 500),"Array, Matrix",https://leetcode.com/problems/knight-probability-in-chessboard,Easy
468,Must Do Questions (1 - 500),Dynamic Programming,https://leetcode.com/problems/find-k-th-smallest-pair-distance,Medium
469,Must Do Questions (1 - 500),"Array, Two Pointers, Binary Search, Sorting",https://leetcode.com/problems/my-calendar-i,Hard
470,Must Do Questions (1 - 500),"Design, Segment Tree, Ordered Set",https://leetcode.com/problems/minimum-ascii-delete-sum-for-two-strings,Medium
471,Must Do Questions (1 - 500),"String, Dynamic Programming",https://leetcode.com/problems/shortest-path-in-a-grid-with-obstacles-elimination,Medium
472,Must Do Questions (1 - 500),"Array, Breadth-First Search, Matrix",https://leetcode.com/problems/range-sum-query-immutable,Hard
473,Must Do Questions (1 - 500),"Array, Design, Prefix Sum",https://leetcode.com/problems/check-completeness-of-a-binary-tree,Easy
474,Must Do Questions (1 - 500),"Tree, Breadth-First Search, Binary Tree",https://leetcode.com/problems/maximize-distance-to-closest-person,Medium
475,Must Do Questions (1 - 500),Array,https://leetcode.com/problems/implement-stack-using-queues,Medium
476,Must Do Questions (1 - 500),"Stack, Design, Queue",https://leetcode.com/problems/can-i-win,Easy
477,Must Do Questions (1 - 500),"Math, Dynamic Programming, Bit Manipulation, Memoization, Game Theory, Bitmask",https://leetcode.com/problems/custom-sort-string,Medium
478,Must Do Questions (1 - 500),"Hash Table, String, Sorting",https://leetcode.com/problems/brick-wall,Medium
479,Must Do Questions (1 - 500),"Array, Hash Table",https://leetcode.com/problems/next-greater-element-i,Medium
480,Must Do Questions (1 - 500),"Array, Hash Table, Stack, Monotonic Stack",https://leetcode.com/problems/sum-of-root-to-leaf-binary-numbers,Easy
481,Must Do Questions (1 - 500),"Tree, Depth-First Search, Binary Tree",https://leetcode.com/problems/find-eventual-safe-states,Easy
482,Must Do Questions (1 - 500),"Depth-First Search, Breadth-First Search, Graph, Topological Sort",https://leetcode.com/problems/reveal-cards-in-increasing-order,Medium
483,Must Do Questions (1 - 500),"Array, Queue, Sorting, Simulation",https://leetcode.com/problems/concatenated-words,Medium
484,Must Do Questions (1 - 500),"Array, String, Dynamic Programming, Depth-First Search, Trie",https://leetcode.com/problems/boats-to-save-people,Hard
485,Must Do Questions (1 - 500),"Array, Two Pointers, Greedy, Sorting",https://leetcode.com/problems/construct-binary-tree-from-preorder-and-postorder-traversal,Medium
486,Must Do Questions (1 - 500),"Array, Hash Table, Divide and Conquer, Tree, Binary Tree",https://leetcode.com/problems/count-number-of-teams,Medium
487,Must Do Questions (1 - 500),"Array, Dynamic Programming, Binary Indexed Tree",https://leetcode.com/problems/repeated-dna-sequences,Medium
488,Must Do Questions (1 - 500),"Hash Table, String, Bit Manipulation, Sliding Window, Rolling Hash, Hash Function",https://leetcode.com/problems/substring-with-concatenation-of-all-words,Medium
489,Must Do Questions (1 - 500),"Hash Table, String, Sliding Window",https://leetcode.com/problems/bus-routes,Hard
490,Must Do Questions (1 - 500),"Array, Hash Table, Breadth-First Search",https://leetcode.com/problems/find-and-replace-pattern,Hard
491,Must Do Questions (1 - 500),"Array, Hash Table, String",https://leetcode.com/problems/swim-in-rising-water,Medium
492,Must Do Questions (1 - 500),"Array, Binary Search, Depth-First Search, Breadth-First Search, Union Find, Heap (Priority Queue), Matrix",https://leetcode.com/problems/number-of-operations-to-make-network-connected,Hard
493,Must Do Questions (1 - 500),"Depth-First Search, Breadth-First Search, Union Find, Graph",https://leetcode.com/problems/sort-an-array,Medium
494,Must Do Questions (1 - 500),"Array, Divide and Conquer, Sorting, Heap (Priority Queue), Merge Sort, Bucket Sort, Radix Sort, Counting Sort",https://leetcode.com/problems/path-with-maximum-gold,Medium
495,Must Do Questions (1 - 500),"Array, Backtracking, Matrix",https://leetcode.com/problems/set-mismatch,Medium
496,Must Do Questions (1 - 500),"Array, Hash Table, Bit Manipulation, Sorting",https://leetcode.com/problems/split-linked-list-in-parts,Easy
497,Must Do Questions (1 - 500),Linked List,https://leetcode.com/problems/longest-mountain-in-array,Medium
498,Must Do Questions (1 - 500),"Array, Two Pointers, Dynamic Programming, Enumeration",https://leetcode.com/problems/rotate-string,Medium
499,Must Do Questions (1 - 500),"String, String Matching",https://leetcode.com/problems/unique-email-addresses,Easy
500,Must Do Questions (1 - 500),"Array, Hash Table, String",https://leetcode.com/problems/maximum-product-of-word-lengths,Easy
#,Can Do Questions (501 - 1000),Topic,https://leetcode.com/problems/max-chunks-to-make-sorted,Difficulty
501,Can Do Questions (501 - 1000),"Array, String, Bit Manipulation",https://leetcode.com/problems/flip-string-to-monotone-increasing,Medium
502,Can Do Questions (501 - 1000),"Array, Stack, Greedy, Sorting, Monotonic Stack",https://leetcode.com/problems/sort-array-by-parity-ii,Medium
503,Can Do Questions (501 - 1000),"String, Dynamic Programming",https://leetcode.com/problems/maximum-length-of-a-concatenated-string-with-unique-characters,Medium
504,Can Do Questions (501 - 1000),"Array, Two Pointers, Sorting",https://leetcode.com/problems/n-ary-tree-level-order-traversal,Easy
505,Can Do Questions (501 - 1000),"Array, String, Backtracking, Bit Manipulation",https://leetcode.com/problems/k-diff-pairs-in-an-array,Medium
506,Can Do Questions (501 - 1000),"Tree, Breadth-First Search",https://leetcode.com/problems/verify-preorder-serialization-of-a-binary-tree,Medium
507,Can Do Questions (501 - 1000),"Array, Hash Table, Two Pointers, Binary Search, Sorting",https://leetcode.com/problems/robot-return-to-origin,Medium
508,Can Do Questions (501 - 1000),"String, Stack, Tree, Binary Tree",https://leetcode.com/problems/count-sorted-vowel-strings,Medium
509,Can Do Questions (501 - 1000),"String, Simulation",https://leetcode.com/problems/minimum-domino-rotations-for-equal-row,Easy
510,Can Do Questions (501 - 1000),Dynamic Programming,https://leetcode.com/problems/longest-continuous-increasing-subsequence,Medium
511,Can Do Questions (501 - 1000),"Array, Greedy",https://leetcode.com/problems/longest-duplicate-substring,Medium
512,Can Do Questions (501 - 1000),Array,https://leetcode.com/problems/split-a-string-in-balanced-strings,Easy
513,Can Do Questions (501 - 1000),"String, Binary Search, Sliding Window, Rolling Hash, Suffix Array, Hash Function",https://leetcode.com/problems/add-digits,Hard
514,Can Do Questions (501 - 1000),"String, Greedy, Counting",https://leetcode.com/problems/max-increase-to-keep-city-skyline,Easy
515,Can Do Questions (501 - 1000),"Math, Simulation, Number Theory",https://leetcode.com/problems/di-string-match,Easy
516,Can Do Questions (501 - 1000),"Array, Greedy, Matrix",https://leetcode.com/problems/push-dominoes,Medium
517,Can Do Questions (501 - 1000),"Array, Math, Two Pointers, String, Greedy",https://leetcode.com/problems/leaf-similar-trees,Easy
518,Can Do Questions (501 - 1000),"Two Pointers, String, Dynamic Programming",https://leetcode.com/problems/maximum-sum-of-3-non-overlapping-subarrays,Medium
519,Can Do Questions (501 - 1000),"Tree, Depth-First Search, Binary Tree",https://leetcode.com/problems/text-justification,Easy
520,Can Do Questions (501 - 1000),"Array, Dynamic Programming",https://leetcode.com/problems/sum-of-all-odd-length-subarrays,Hard
521,Can Do Questions (501 - 1000),"Array, String, Simulation",https://leetcode.com/problems/kth-smallest-number-in-multiplication-table,Hard
522,Can Do Questions (501 - 1000),"Array, Math, Prefix Sum",https://leetcode.com/problems/minimum-cost-to-hire-k-workers,Easy
523,Can Do Questions (501 - 1000),Binary Search,https://leetcode.com/problems/maximum-number-of-events-that-can-be-attended,Hard
524,Can Do Questions (501 - 1000),"Array, Greedy, Sorting, Heap (Priority Queue)",https://leetcode.com/problems/uncrossed-lines,Hard
525,Can Do Questions (501 - 1000),"Array, Greedy, Heap (Priority Queue)",https://leetcode.com/problems/reorder-data-in-log-files,Medium
526,Can Do Questions (501 - 1000),"Array, Dynamic Programming",https://leetcode.com/problems/sum-of-nodes-with-even-valued-grandparent,Medium
527,Can Do Questions (501 - 1000),"Array, String, Sorting",https://leetcode.com/problems/total-hamming-distance,Easy
528,Can Do Questions (501 - 1000),"Tree, Depth-First Search, Breadth-First Search, Binary Tree",https://leetcode.com/problems/relative-sort-array,Medium
529,Can Do Questions (501 - 1000),"Array, Math, Bit Manipulation",https://leetcode.com/problems/binary-tree-tilt,Medium
530,Can Do Questions (501 - 1000),"Array, Hash Table, Sorting, Counting Sort",https://leetcode.com/problems/maximum-sum-of-two-non-overlapping-subarrays,Easy
531,Can Do Questions (501 - 1000),"Tree, Depth-First Search, Binary Tree",https://leetcode.com/problems/insert-delete-getrandom-o1-duplicates-allowed,Easy
532,Can Do Questions (501 - 1000),"Array, Dynamic Programming, Sliding Window",https://leetcode.com/problems/couples-holding-hands,Medium
533,Can Do Questions (501 - 1000),"Array, Hash Table, Math, Design, Randomized",https://leetcode.com/problems/n-ary-tree-preorder-traversal,Hard
534,Can Do Questions (501 - 1000),"Greedy, Depth-First Search, Breadth-First Search, Union Find, Graph",https://leetcode.com/problems/letter-tile-possibilities,Hard
535,Can Do Questions (501 - 1000),"Stack, Tree, Depth-First Search",https://leetcode.com/problems/design-circular-queue,Easy
536,Can Do Questions (501 - 1000),"String, Backtracking",https://leetcode.com/problems/number-of-subarrays-with-bounded-maximum,Medium
537,Can Do Questions (501 - 1000),"Array, Linked List, Design, Queue",https://leetcode.com/problems/matrix-block-sum,Medium
538,Can Do Questions (501 - 1000),"Array, Two Pointers",https://leetcode.com/problems/largest-sum-of-averages,Medium
539,Can Do Questions (501 - 1000),"Array, Matrix, Prefix Sum",https://leetcode.com/problems/flip-equivalent-binary-trees,Medium
540,Can Do Questions (501 - 1000),"Array, Dynamic Programming",https://leetcode.com/problems/number-of-submatrices-that-sum-to-target,Medium
541,Can Do Questions (501 - 1000),"Tree, Depth-First Search, Binary Tree",https://leetcode.com/problems/matchsticks-to-square,Medium
542,Can Do Questions (501 - 1000),"Array, Hash Table, Matrix, Prefix Sum",https://leetcode.com/problems/balance-a-binary-search-tree,Hard
543,Can Do Questions (501 - 1000),"Array, Dynamic Programming, Backtracking, Bit Manipulation, Bitmask",https://leetcode.com/problems/exclusive-time-of-functions,Medium
544,Can Do Questions (501 - 1000),"Divide and Conquer, Greedy, Tree, Depth-First Search, Binary Search Tree, Binary Tree",https://leetcode.com/problems/third-maximum-number,Medium
545,Can Do Questions (501 - 1000),"Array, Stack",https://leetcode.com/problems/fraction-to-recurring-decimal,Medium
546,Can Do Questions (501 - 1000),"Array, Sorting",https://leetcode.com/problems/stream-of-characters,Easy
547,Can Do Questions (501 - 1000),"Hash Table, Math, String",https://leetcode.com/problems/redundant-connection-ii,Medium
548,Can Do Questions (501 - 1000),"Array, String, Design, Trie, Data Stream",https://leetcode.com/problems/minimum-distance-between-bst-nodes,Hard
549,Can Do Questions (501 - 1000),"Depth-First Search, Breadth-First Search, Union Find, Graph",https://leetcode.com/problems/n-queens-ii,Hard
550,Can Do Questions (501 - 1000),"Tree, Depth-First Search, Breadth-First Search, Binary Search Tree, Binary Tree",https://leetcode.com/problems/longest-harmonious-subsequence,Easy
551,Can Do Questions (501 - 1000),Backtracking,https://leetcode.com/problems/employee-importance,Hard
552,Can Do Questions (501 - 1000),"Array, Hash Table, Sorting",https://leetcode.com/problems/long-pressed-name,Easy
553,Can Do Questions (501 - 1000),"Hash Table, Depth-First Search, Breadth-First Search",https://leetcode.com/problems/sort-the-matrix-diagonally,Medium
554,Can Do Questions (501 - 1000),"Two Pointers, String",https://leetcode.com/problems/duplicate-zeros,Easy
555,Can Do Questions (501 - 1000),"Array, Sorting, Matrix",https://leetcode.com/problems/count-number-of-nice-subarrays,Medium
556,Can Do Questions (501 - 1000),"Array, Two Pointers",https://leetcode.com/problems/ransom-note,Easy
557,Can Do Questions (501 - 1000),"Array, Hash Table, Math, Sliding Window",https://leetcode.com/problems/k-th-symbol-in-grammar,Medium
558,Can Do Questions (501 - 1000),"Hash Table, String, Counting",https://leetcode.com/problems/remove-boxes,Easy
559,Can Do Questions (501 - 1000),"Math, Bit Manipulation, Recursion",https://leetcode.com/problems/n-ary-tree-postorder-traversal,Medium
560,Can Do Questions (501 - 1000),"Array, Dynamic Programming, Memoization",https://leetcode.com/problems/minimum-cost-to-merge-stones,Hard
561,Can Do Questions (501 - 1000),"Stack, Tree, Depth-First Search",https://leetcode.com/problems/furthest-building-you-can-reach,Easy
562,Can Do Questions (501 - 1000),"Array, Dynamic Programming",https://leetcode.com/problems/count-of-range-sum,Hard
563,Can Do Questions (501 - 1000),"Array, Greedy, Heap (Priority Queue)",https://leetcode.com/problems/number-of-closed-islands,Medium
564,Can Do Questions (501 - 1000),"Array, Binary Search, Divide and Conquer, Binary Indexed Tree, Segment Tree, Merge Sort, Ordered Set",https://leetcode.com/problems/reverse-vowels-of-a-string,Hard
565,Can Do Questions (501 - 1000),"Array, Depth-First Search, Breadth-First Search, Union Find, Matrix",https://leetcode.com/problems/out-of-boundary-paths,Medium
566,Can Do Questions (501 - 1000),"Two Pointers, String",https://leetcode.com/problems/all-elements-in-two-binary-search-trees,Easy
567,Can Do Questions (501 - 1000),Dynamic Programming,https://leetcode.com/problems/minimum-insertion-steps-to-make-a-string-palindrome,Medium
568,Can Do Questions (501 - 1000),"Tree, Depth-First Search, Binary Search Tree, Sorting, Binary Tree",https://leetcode.com/problems/maximum-average-subarray-i,Medium
569,Can Do Questions (501 - 1000),"String, Dynamic Programming",https://leetcode.com/problems/number-of-steps-to-reduce-a-number-to-zero,Hard
570,Can Do Questions (501 - 1000),"Array, Sliding Window",https://leetcode.com/problems/n-th-tribonacci-number,Easy
571,Can Do Questions (501 - 1000),"Math, Bit Manipulation",https://leetcode.com/problems/the-k-weakest-rows-in-a-matrix,Easy
572,Can Do Questions (501 - 1000),"Math, Dynamic Programming, Memoization",https://leetcode.com/problems/valid-mountain-array,Easy
573,Can Do Questions (501 - 1000),"Array, Binary Search, Sorting, Heap (Priority Queue), Matrix",https://leetcode.com/problems/minimum-number-of-days-to-make-m-bouquets,Easy
574,Can Do Questions (501 - 1000),Array,https://leetcode.com/problems/minimum-operations-to-reduce-x-to-zero,Easy
575,Can Do Questions (501 - 1000),"Array, Binary Search",https://leetcode.com/problems/count-submatrices-with-all-ones,Medium
576,Can Do Questions (501 - 1000),"Array, Hash Table, Binary Search, Sliding Window, Prefix Sum",https://leetcode.com/problems/guess-number-higher-or-lower-ii,Medium
577,Can Do Questions (501 - 1000),"Array, Dynamic Programming, Stack, Matrix, Monotonic Stack",https://leetcode.com/problems/as-far-from-land-as-possible,Medium
578,Can Do Questions (501 - 1000),"Math, Dynamic Programming, Game Theory",https://leetcode.com/problems/time-needed-to-inform-all-employees,Medium
579,Can Do Questions (501 - 1000),"Array, Dynamic Programming, Breadth-First Search, Matrix",https://leetcode.com/problems/smallest-subsequence-of-distinct-characters,Medium
580,Can Do Questions (501 - 1000),"Tree, Depth-First Search, Breadth-First Search",https://leetcode.com/problems/replace-words,Medium
581,Can Do Questions (501 - 1000),"String, Stack, Greedy, Monotonic Stack",https://leetcode.com/problems/sliding-puzzle,Medium
582,Can Do Questions (501 - 1000),"Array, Hash Table, String, Trie",https://leetcode.com/problems/reverse-only-letters,Medium
583,Can Do Questions (501 - 1000),"Array, Breadth-First Search, Matrix",https://leetcode.com/problems/increasing-subsequences,Hard
584,Can Do Questions (501 - 1000),"Two Pointers, String",https://leetcode.com/problems/monotonic-array,Easy
585,Can Do Questions (501 - 1000),"Array, Hash Table, Backtracking, Bit Manipulation",https://leetcode.com/problems/snapshot-array,Medium
586,Can Do Questions (501 - 1000),Array,https://leetcode.com/problems/minimum-absolute-difference,Easy
587,Can Do Questions (501 - 1000),"Array, Hash Table, Binary Search, Design",https://leetcode.com/problems/summary-ranges,Medium
588,Can Do Questions (501 - 1000),"Array, Sorting",https://leetcode.com/problems/domino-and-tromino-tiling,Easy
589,Can Do Questions (501 - 1000),Array,https://leetcode.com/problems/length-of-longest-fibonacci-subsequence,Easy
590,Can Do Questions (501 - 1000),Dynamic Programming,https://leetcode.com/problems/swapping-nodes-in-a-linked-list,Medium
591,Can Do Questions (501 - 1000),"Array, Hash Table, Dynamic Programming",https://leetcode.com/problems/gray-code,Medium
592,Can Do Questions (501 - 1000),"Linked List, Two Pointers",https://leetcode.com/problems/minimum-area-rectangle,Medium
593,Can Do Questions (501 - 1000),"Math, Backtracking, Bit Manipulation",https://leetcode.com/problems/battleships-in-a-board,Medium
594,Can Do Questions (501 - 1000),"Array, Hash Table, Math, Geometry, Sorting",https://leetcode.com/problems/most-frequent-subtree-sum,Medium
595,Can Do Questions (501 - 1000),"Array, Depth-First Search, Matrix",https://leetcode.com/problems/minimum-cost-to-move-chips-to-the-same-position,Medium
596,Can Do Questions (501 - 1000),"Hash Table, Tree, Depth-First Search, Binary Tree",https://leetcode.com/problems/rectangle-overlap,Medium
597,Can Do Questions (501 - 1000),"Array, Math, Greedy",https://leetcode.com/problems/super-ugly-number,Easy
598,Can Do Questions (501 - 1000),"Math, Geometry",https://leetcode.com/problems/buddy-strings,Easy
599,Can Do Questions (501 - 1000),"Array, Hash Table, Math, Dynamic Programming, Heap (Priority Queue)",https://leetcode.com/problems/minimum-number-of-taps-to-open-to-water-a-garden,Medium
600,Can Do Questions (501 - 1000),"Hash Table, String",https://leetcode.com/problems/kids-with-the-greatest-number-of-candies,Easy
601,Can Do Questions (501 - 1000),"Array, Dynamic Programming, Greedy",https://leetcode.com/problems/repeated-string-match,Hard
602,Can Do Questions (501 - 1000),Array,https://leetcode.com/problems/satisfiability-of-equality-equations,Easy
603,Can Do Questions (501 - 1000),"String, String Matching",https://leetcode.com/problems/smallest-string-with-swaps,Medium
604,Can Do Questions (501 - 1000),"Array, String, Union Find, Graph",https://leetcode.com/problems/shortest-path-visiting-all-nodes,Medium
605,Can Do Questions (501 - 1000),"Hash Table, String, Depth-First Search, Breadth-First Search, Union Find",https://leetcode.com/problems/minimum-moves-to-equal-array-elements,Medium
606,Can Do Questions (501 - 1000),"Dynamic Programming, Bit Manipulation, Breadth-First Search, Graph, Bitmask",https://leetcode.com/problems/knight-dialer,Hard
607,Can Do Questions (501 - 1000),"Array, Math",https://leetcode.com/problems/remove-zero-sum-consecutive-nodes-from-linked-list,Medium
608,Can Do Questions (501 - 1000),Dynamic Programming,https://leetcode.com/problems/best-sightseeing-pair,Medium
609,Can Do Questions (501 - 1000),"Hash Table, Linked List",https://leetcode.com/problems/power-of-four,Medium
610,Can Do Questions (501 - 1000),"Array, Dynamic Programming",https://leetcode.com/problems/longest-word-in-dictionary-through-deleting,Medium
611,Can Do Questions (501 - 1000),"Math, Bit Manipulation, Recursion",https://leetcode.com/problems/maximum-units-on-a-truck,Easy
612,Can Do Questions (501 - 1000),"Array, Two Pointers, String, Sorting",https://leetcode.com/problems/construct-string-from-binary-tree,Medium
613,Can Do Questions (501 - 1000),"Array, Greedy, Sorting",https://leetcode.com/problems/assign-cookies,Easy
614,Can Do Questions (501 - 1000),"String, Tree, Depth-First Search, Binary Tree",https://leetcode.com/problems/scramble-string,Easy
615,Can Do Questions (501 - 1000),"Array, Greedy, Sorting",https://leetcode.com/problems/continuous-subarray-sum,Easy
616,Can Do Questions (501 - 1000),"String, Dynamic Programming",https://leetcode.com/problems/minesweeper,Hard
617,Can Do Questions (501 - 1000),"Array, Hash Table, Math, Prefix Sum",https://leetcode.com/problems/bulls-and-cows,Medium
618,Can Do Questions (501 - 1000),"Array, Depth-First Search, Breadth-First Search, Matrix",https://leetcode.com/problems/design-linked-list,Medium
619,Can Do Questions (501 - 1000),"Hash Table, String, Counting",https://leetcode.com/problems/hand-of-straights,Medium
620,Can Do Questions (501 - 1000),"Linked List, Design",https://leetcode.com/problems/odd-even-jump,Medium
621,Can Do Questions (501 - 1000),"Array, Hash Table, Greedy, Sorting",https://leetcode.com/problems/arithmetic-slices-ii-subsequence,Medium
622,Can Do Questions (501 - 1000),"Array, Dynamic Programming, Stack, Monotonic Stack, Ordered Set",https://leetcode.com/problems/minimum-moves-to-equal-array-elements-ii,Hard
623,Can Do Questions (501 - 1000),"Array, Dynamic Programming",https://leetcode.com/problems/maximum-level-sum-of-a-binary-tree,Hard
624,Can Do Questions (501 - 1000),"Array, Math, Sorting",https://leetcode.com/problems/create-maximum-number,Medium
625,Can Do Questions (501 - 1000),"Tree, Breadth-First Search, Binary Tree",https://leetcode.com/problems/delete-leaves-with-a-given-value,Medium
626,Can Do Questions (501 - 1000),"Stack, Greedy, Monotonic Stack",https://leetcode.com/problems/find-smallest-letter-greater-than-target,Hard
627,Can Do Questions (501 - 1000),"Hash Table, Tree, Depth-First Search, Breadth-First Search, Binary Tree",https://leetcode.com/problems/longest-word-in-dictionary,Medium
628,Can Do Questions (501 - 1000),"Array, Binary Search",https://leetcode.com/problems/heaters,Easy
629,Can Do Questions (501 - 1000),"Array, Hash Table, String, Trie, Sorting",https://leetcode.com/problems/largest-component-size-by-common-factor,Medium
630,Can Do Questions (501 - 1000),"Array, Two Pointers, Binary Search, Sorting",https://leetcode.com/problems/linked-list-in-binary-tree,Medium
631,Can Do Questions (501 - 1000),"Array, Math, Union Find",https://leetcode.com/problems/reorder-routes-to-make-all-paths-lead-to-the-city-zero,Hard
632,Can Do Questions (501 - 1000),"Linked List, Tree, Depth-First Search, Breadth-First Search, Binary Tree",https://leetcode.com/problems/sum-of-square-numbers,Medium
633,Can Do Questions (501 - 1000),"Depth-First Search, Breadth-First Search, Graph",https://leetcode.com/problems/number-of-substrings-containing-all-three-characters,Medium
634,Can Do Questions (501 - 1000),"Math, Two Pointers, Binary Search",https://leetcode.com/problems/most-common-word,Medium
635,Can Do Questions (501 - 1000),"Hash Table, String, Sliding Window",https://leetcode.com/problems/advantage-shuffle,Medium
636,Can Do Questions (501 - 1000),"Hash Table, String",https://leetcode.com/problems/prison-cells-after-n-days,Easy
637,Can Do Questions (501 - 1000),"Array, Greedy, Sorting",https://leetcode.com/problems/longest-turbulent-subarray,Medium
638,Can Do Questions (501 - 1000),"Array, Hash Table, Math, Bit Manipulation",https://leetcode.com/problems/add-one-row-to-tree,Medium
639,Can Do Questions (501 - 1000),"Array, Dynamic Programming, Sliding Window",https://leetcode.com/problems/count-different-palindromic-subsequences,Medium
640,Can Do Questions (501 - 1000),"Tree, Depth-First Search, Breadth-First Search, Binary Tree",https://leetcode.com/problems/find-the-smallest-divisor-given-a-threshold,Medium
641,Can Do Questions (501 - 1000),"String, Dynamic Programming",https://leetcode.com/problems/ugly-number,Hard
642,Can Do Questions (501 - 1000),"Array, Binary Search",https://leetcode.com/problems/stone-game-ii,Medium
643,Can Do Questions (501 - 1000),Math,https://leetcode.com/problems/car-fleet,Easy
644,Can Do Questions (501 - 1000),"Array, Math, Dynamic Programming, Game Theory",https://leetcode.com/problems/binary-subarrays-with-sum,Medium
645,Can Do Questions (501 - 1000),"Array, Stack, Sorting, Monotonic Stack",https://leetcode.com/problems/consecutive-characters,Medium
646,Can Do Questions (501 - 1000),"Array, Hash Table, Sliding Window, Prefix Sum",https://leetcode.com/problems/simplify-path,Medium
647,Can Do Questions (501 - 1000),String,https://leetcode.com/problems/filling-bookcase-shelves,Easy
648,Can Do Questions (501 - 1000),"String, Stack",https://leetcode.com/problems/univalued-binary-tree,Medium
649,Can Do Questions (501 - 1000),"Array, Dynamic Programming",https://leetcode.com/problems/divisor-game,Medium
650,Can Do Questions (501 - 1000),"Tree, Depth-First Search, Breadth-First Search, Binary Tree",https://leetcode.com/problems/guess-the-word,Easy
651,Can Do Questions (501 - 1000),"Math, Dynamic Programming, Brainteaser, Game Theory",https://leetcode.com/problems/unique-morse-code-words,Easy
652,Can Do Questions (501 - 1000),"Array, Math, String, Interactive, Game Theory",https://leetcode.com/problems/number-of-good-ways-to-split-a-string,Hard
653,Can Do Questions (501 - 1000),"Array, Hash Table, String",https://leetcode.com/problems/remove-outermost-parentheses,Easy
654,Can Do Questions (501 - 1000),"String, Dynamic Programming, Bit Manipulation",https://leetcode.com/problems/24-game,Medium
655,Can Do Questions (501 - 1000),"String, Stack",https://leetcode.com/problems/minimum-number-of-vertices-to-reach-all-nodes,Easy
656,Can Do Questions (501 - 1000),"Array, Math, Backtracking",https://leetcode.com/problems/jump-game-vi,Hard
657,Can Do Questions (501 - 1000),Graph,https://leetcode.com/problems/greatest-common-divisor-of-strings,Medium
658,Can Do Questions (501 - 1000),"Array, Dynamic Programming, Queue, Sliding Window, Heap (Priority Queue), Monotonic Queue",https://leetcode.com/problems/maximum-subarray-sum-with-one-deletion,Medium
659,Can Do Questions (501 - 1000),"Math, String",https://leetcode.com/problems/maximum-product-of-splitted-binary-tree,Easy
660,Can Do Questions (501 - 1000),"Array, Dynamic Programming",https://leetcode.com/problems/linked-list-random-node,Medium
661,Can Do Questions (501 - 1000),"Tree, Depth-First Search, Binary Tree",https://leetcode.com/problems/map-sum-pairs,Medium
662,Can Do Questions (501 - 1000),"Linked List, Math, Reservoir Sampling, Randomized",https://leetcode.com/problems/x-of-a-kind-in-a-deck-of-cards,Medium
663,Can Do Questions (501 - 1000),"Hash Table, String, Design, Trie",https://leetcode.com/problems/h-index,Medium
664,Can Do Questions (501 - 1000),"Array, Hash Table, Math, Counting, Number Theory",https://leetcode.com/problems/unique-number-of-occurrences,Easy
665,Can Do Questions (501 - 1000),"Array, Sorting, Counting Sort",https://leetcode.com/problems/reverse-substrings-between-each-pair-of-parentheses,Medium
666,Can Do Questions (501 - 1000),"Array, Hash Table",https://leetcode.com/problems/decoded-string-at-index,Easy
667,Can Do Questions (501 - 1000),"String, Stack",https://leetcode.com/problems/minimum-number-of-operations-to-move-all-balls-to-each-box,Medium
668,Can Do Questions (501 - 1000),"String, Stack",https://leetcode.com/problems/partition-array-into-disjoint-intervals,Medium
669,Can Do Questions (501 - 1000),"Array, String",https://leetcode.com/problems/shuffle-string,Medium
670,Can Do Questions (501 - 1000),Array,https://leetcode.com/problems/encode-and-decode-tinyurl,Medium
671,Can Do Questions (501 - 1000),"Array, String",https://leetcode.com/problems/find-the-most-competitive-subsequence,Easy
672,Can Do Questions (501 - 1000),"Hash Table, String, Design, Hash Function",https://leetcode.com/problems/minimum-time-visiting-all-points,Medium
673,Can Do Questions (501 - 1000),"Array, Stack, Greedy, Monotonic Stack",https://leetcode.com/problems/iterator-for-combination,Medium
674,Can Do Questions (501 - 1000),"Array, Math, Geometry",https://leetcode.com/problems/fair-candy-swap,Easy
675,Can Do Questions (501 - 1000),"String, Backtracking, Design, Iterator",https://leetcode.com/problems/design-hashset,Medium
676,Can Do Questions (501 - 1000),"Array, Hash Table, Binary Search, Sorting",https://leetcode.com/problems/lemonade-change,Easy
677,Can Do Questions (501 - 1000),"Array, Hash Table, Linked List, Design, Hash Function",https://leetcode.com/problems/global-and-local-inversions,Easy
678,Can Do Questions (501 - 1000),"Array, Greedy",https://leetcode.com/problems/reduce-array-size-to-the-half,Easy
679,Can Do Questions (501 - 1000),"Array, Math",https://leetcode.com/problems/video-stitching,Medium
680,Can Do Questions (501 - 1000),"Array, Hash Table, Greedy, Sorting, Heap (Priority Queue)",https://leetcode.com/problems/second-minimum-node-in-a-binary-tree,Medium
681,Can Do Questions (501 - 1000),"Array, Dynamic Programming, Greedy",https://leetcode.com/problems/maximum-performance-of-a-team,Medium
682,Can Do Questions (501 - 1000),"Tree, Depth-First Search, Binary Tree",https://leetcode.com/problems/find-two-non-overlapping-sub-arrays-each-with-target-sum,Easy
683,Can Do Questions (501 - 1000),"Array, Greedy, Sorting, Heap (Priority Queue)",https://leetcode.com/problems/replace-elements-with-greatest-element-on-right-side,Hard
684,Can Do Questions (501 - 1000),"Array, Hash Table, Binary Search, Dynamic Programming, Sliding Window",https://leetcode.com/problems/count-and-say,Medium
685,Can Do Questions (501 - 1000),Array,https://leetcode.com/problems/design-underground-system,Easy
686,Can Do Questions (501 - 1000),String,https://leetcode.com/problems/lexicographical-numbers,Medium
687,Can Do Questions (501 - 1000),"Hash Table, String, Design",https://leetcode.com/problems/self-dividing-numbers,Medium
688,Can Do Questions (501 - 1000),"Depth-First Search, Trie",https://leetcode.com/problems/greatest-sum-divisible-by-three,Medium
689,Can Do Questions (501 - 1000),Math,https://leetcode.com/problems/patching-array,Easy
690,Can Do Questions (501 - 1000),"Array, Dynamic Programming, Greedy",https://leetcode.com/problems/cherry-pickup-ii,Medium
691,Can Do Questions (501 - 1000),"Array, Greedy",https://leetcode.com/problems/minimum-index-sum-of-two-lists,Hard
692,Can Do Questions (501 - 1000),"Array, Dynamic Programming, Matrix",https://leetcode.com/problems/my-calendar-ii,Hard
693,Can Do Questions (501 - 1000),"Array, Hash Table, String",https://leetcode.com/problems/largest-plus-sign,Easy
694,Can Do Questions (501 - 1000),"Design, Segment Tree, Ordered Set",https://leetcode.com/problems/broken-calculator,Medium
695,Can Do Questions (501 - 1000),"Array, Dynamic Programming",https://leetcode.com/problems/find-right-interval,Medium
696,Can Do Questions (501 - 1000),"Math, Greedy",https://leetcode.com/problems/compare-version-numbers,Medium
697,Can Do Questions (501 - 1000),"Array, Binary Search, Sorting",https://leetcode.com/problems/minimum-difficulty-of-a-job-schedule,Medium
698,Can Do Questions (501 - 1000),"Two Pointers, String",https://leetcode.com/problems/numbers-at-most-n-given-digit-set,Medium
699,Can Do Questions (501 - 1000),"Array, Dynamic Programming",https://leetcode.com/problems/maximum-width-ramp,Hard
700,Can Do Questions (501 - 1000),"Array, Math, Binary Search, Dynamic Programming",https://leetcode.com/problems/number-of-valid-words-for-each-puzzle,Hard
701,Can Do Questions (501 - 1000),"Array, Stack, Monotonic Stack",https://leetcode.com/problems/find-numbers-with-even-number-of-digits,Medium
702,Can Do Questions (501 - 1000),"Array, Hash Table, String, Bit Manipulation, Trie",https://leetcode.com/problems/grumpy-bookstore-owner,Hard
703,Can Do Questions (501 - 1000),Array,https://leetcode.com/problems/sort-array-by-increasing-frequency,Easy
704,Can Do Questions (501 - 1000),"Array, Sliding Window",https://leetcode.com/problems/richest-customer-wealth,Medium
705,Can Do Questions (501 - 1000),"Array, Hash Table, Sorting",https://leetcode.com/problems/non-negative-integers-without-consecutive-ones,Easy
706,Can Do Questions (501 - 1000),"Array, Matrix",https://leetcode.com/problems/lowest-common-ancestor-of-deepest-leaves,Easy
707,Can Do Questions (501 - 1000),Dynamic Programming,https://leetcode.com/problems/student-attendance-record-ii,Hard
708,Can Do Questions (501 - 1000),"Hash Table, Tree, Depth-First Search, Breadth-First Search, Binary Tree",https://leetcode.com/problems/shortest-path-with-alternating-colors,Medium
709,Can Do Questions (501 - 1000),Dynamic Programming,https://leetcode.com/problems/pancake-sorting,Hard
710,Can Do Questions (501 - 1000),"Breadth-First Search, Graph",https://leetcode.com/problems/maximum-number-of-points-with-cost,Medium
711,Can Do Questions (501 - 1000),"Array, Two Pointers, Greedy, Sorting",https://leetcode.com/problems/unique-substrings-in-wraparound-string,Medium
712,Can Do Questions (501 - 1000),"Array, Dynamic Programming",https://leetcode.com/problems/minimum-deletions-to-make-character-frequencies-unique,Medium
713,Can Do Questions (501 - 1000),"String, Dynamic Programming",https://leetcode.com/problems/minimum-number-of-steps-to-make-two-strings-anagram,Medium
714,Can Do Questions (501 - 1000),"String, Greedy, Sorting",https://leetcode.com/problems/all-oone-data-structure,Medium
715,Can Do Questions (501 - 1000),"Hash Table, String",https://leetcode.com/problems/detect-capital,Medium
716,Can Do Questions (501 - 1000),"Hash Table, Linked List, Design, Doubly-Linked List",https://leetcode.com/problems/find-the-longest-substring-containing-vowels-in-even-counts,Hard
717,Can Do Questions (501 - 1000),String,https://leetcode.com/problems/transpose-matrix,Easy
718,Can Do Questions (501 - 1000),"Hash Table, String, Bit Manipulation, Prefix Sum",https://leetcode.com/problems/partition-array-into-three-parts-with-equal-sum,Medium
719,Can Do Questions (501 - 1000),"Array, Matrix, Simulation",https://leetcode.com/problems/divide-array-in-sets-of-k-consecutive-numbers,Easy
720,Can Do Questions (501 - 1000),"Array, Greedy",https://leetcode.com/problems/smallest-range-ii,Easy
721,Can Do Questions (501 - 1000),"Array, Hash Table, Greedy, Sorting",https://leetcode.com/problems/reach-a-number,Medium
722,Can Do Questions (501 - 1000),"Array, Math, Greedy, Sorting",https://leetcode.com/problems/path-with-maximum-probability,Medium
723,Can Do Questions (501 - 1000),"Math, Binary Search",https://leetcode.com/problems/nim-game,Medium
724,Can Do Questions (501 - 1000),"Graph, Heap (Priority Queue), Shortest Path",https://leetcode.com/problems/max-chunks-to-make-sorted-ii,Medium
725,Can Do Questions (501 - 1000),"Math, Brainteaser, Game Theory",https://leetcode.com/problems/array-of-doubled-pairs,Easy
726,Can Do Questions (501 - 1000),"Array, Stack, Greedy, Sorting, Monotonic Stack",https://leetcode.com/problems/decode-ways-ii,Hard
727,Can Do Questions (501 - 1000),"Array, Hash Table, Greedy, Sorting",https://leetcode.com/problems/add-to-array-form-of-integer,Medium
728,Can Do Questions (501 - 1000),"String, Dynamic Programming",https://leetcode.com/problems/champagne-tower,Hard
729,Can Do Questions (501 - 1000),"Array, Math",https://leetcode.com/problems/maximum-length-of-subarray-with-positive-product,Easy
730,Can Do Questions (501 - 1000),Dynamic Programming,https://leetcode.com/problems/distinct-subsequences-ii,Medium
731,Can Do Questions (501 - 1000),"Array, Dynamic Programming, Greedy",https://leetcode.com/problems/find-the-city-with-the-smallest-number-of-neighbors-at-a-threshold-distance,Medium
732,Can Do Questions (501 - 1000),"String, Dynamic Programming",https://leetcode.com/problems/maximum-area-of-a-piece-of-cake-after-horizontal-and-vertical-cuts,Hard
733,Can Do Questions (501 - 1000),"Dynamic Programming, Graph, Shortest Path",https://leetcode.com/problems/subdomain-visit-count,Medium
734,Can Do Questions (501 - 1000),"Array, Greedy, Sorting",https://leetcode.com/problems/defanging-an-ip-address,Medium
735,Can Do Questions (501 - 1000),"Array, Hash Table, String, Counting",https://leetcode.com/problems/design-browser-history,Medium
736,Can Do Questions (501 - 1000),String,https://leetcode.com/problems/peeking-iterator,Easy
737,Can Do Questions (501 - 1000),"Array, Linked List, Stack, Design, Doubly-Linked List, Data Stream",https://leetcode.com/problems/count-unique-characters-of-all-substrings-of-a-given-string,Medium
738,Can Do Questions (501 - 1000),"Array, Design, Iterator",https://leetcode.com/problems/number-of-good-leaf-nodes-pairs,Medium
739,Can Do Questions (501 - 1000),"String, Dynamic Programming",https://leetcode.com/problems/find-the-shortest-superstring,Hard
740,Can Do Questions (501 - 1000),"Tree, Depth-First Search, Binary Tree",https://leetcode.com/problems/smallest-string-starting-from-leaf,Medium
741,Can Do Questions (501 - 1000),"Array, String, Dynamic Programming, Bit Manipulation, Bitmask",https://leetcode.com/problems/string-to-integer-atoi,Hard
742,Can Do Questions (501 - 1000),"String, Tree, Depth-First Search, Binary Tree",https://leetcode.com/problems/smallest-integer-divisible-by-k,Medium
743,Can Do Questions (501 - 1000),String,https://leetcode.com/problems/find-in-mountain-array,Medium
744,Can Do Questions (501 - 1000),"Hash Table, Math",https://leetcode.com/problems/recover-a-tree-from-preorder-traversal,Medium
745,Can Do Questions (501 - 1000),"Array, Binary Search, Interactive",https://leetcode.com/problems/prefix-and-suffix-search,Hard
746,Can Do Questions (501 - 1000),"String, Tree, Depth-First Search, Binary Tree",https://leetcode.com/problems/design-a-stack-with-increment-operation,Hard
747,Can Do Questions (501 - 1000),"String, Design, Trie",https://leetcode.com/problems/jump-game-iv,Hard
748,Can Do Questions (501 - 1000),"Array, Stack, Design",https://leetcode.com/problems/minimum-increment-to-make-array-unique,Medium
749,Can Do Questions (501 - 1000),"Array, Hash Table, Breadth-First Search",https://leetcode.com/problems/minimum-cost-to-cut-a-stick,Hard
750,Can Do Questions (501 - 1000),"Array, Greedy, Sorting, Counting",https://leetcode.com/problems/implement-magic-dictionary,Medium
751,Can Do Questions (501 - 1000),"Array, Dynamic Programming",https://leetcode.com/problems/minimum-difference-between-largest-and-smallest-value-in-three-moves,Hard
752,Can Do Questions (501 - 1000),"Hash Table, String, Design, Trie",https://leetcode.com/problems/score-after-flipping-matrix,Medium
753,Can Do Questions (501 - 1000),"Array, Greedy, Sorting",https://leetcode.com/problems/shopping-offers,Medium
754,Can Do Questions (501 - 1000),"Array, Greedy, Bit Manipulation, Matrix",https://leetcode.com/problems/minimum-value-to-get-positive-step-by-step-sum,Medium
755,Can Do Questions (501 - 1000),"Array, Dynamic Programming, Backtracking, Bit Manipulation, Memoization, Bitmask",https://leetcode.com/problems/min-cost-to-connect-all-points,Medium
756,Can Do Questions (501 - 1000),"Array, Prefix Sum",https://leetcode.com/problems/magnetic-force-between-two-balls,Easy
757,Can Do Questions (501 - 1000),"Array, Union Find, Minimum Spanning Tree",https://leetcode.com/problems/baseball-game,Medium
758,Can Do Questions (501 - 1000),"Array, Binary Search, Sorting",https://leetcode.com/problems/nth-magical-number,Medium
759,Can Do Questions (501 - 1000),"Array, Stack, Simulation",https://leetcode.com/problems/to-lower-case,Easy
760,Can Do Questions (501 - 1000),"Math, Binary Search",https://leetcode.com/problems/maximum-number-of-balloons,Hard
761,Can Do Questions (501 - 1000),String,https://leetcode.com/problems/consecutive-numbers-sum,Easy
762,Can Do Questions (501 - 1000),"Hash Table, String, Counting",https://leetcode.com/problems/longest-absolute-file-path,Easy
763,Can Do Questions (501 - 1000),"Math, Enumeration",https://leetcode.com/problems/number-of-subsequences-that-satisfy-the-given-sum-condition,Hard
764,Can Do Questions (501 - 1000),"String, Stack, Depth-First Search",https://leetcode.com/problems/minimum-score-triangulation-of-polygon,Medium
765,Can Do Questions (501 - 1000),"Array, Two Pointers, Binary Search, Sorting",https://leetcode.com/problems/longest-zigzag-path-in-a-binary-tree,Medium
766,Can Do Questions (501 - 1000),"Array, Dynamic Programming",https://leetcode.com/problems/exam-room,Medium
767,Can Do Questions (501 - 1000),"Dynamic Programming, Tree, Depth-First Search, Binary Tree",https://leetcode.com/problems/corporate-flight-bookings,Medium
768,Can Do Questions (501 - 1000),"Design, Ordered Set",https://leetcode.com/problems/bitwise-ors-of-subarrays,Medium
769,Can Do Questions (501 - 1000),"Array, Prefix Sum",https://leetcode.com/problems/new-21-game,Medium
770,Can Do Questions (501 - 1000),"Array, Dynamic Programming, Bit Manipulation",https://leetcode.com/problems/find-n-unique-integers-sum-up-to-zero,Medium
771,Can Do Questions (501 - 1000),"Math, Dynamic Programming, Sliding Window, Probability and Statistics",https://leetcode.com/problems/frequency-of-the-most-frequent-element,Medium
772,Can Do Questions (501 - 1000),"Array, Math",https://leetcode.com/problems/word-subsets,Easy
773,Can Do Questions (501 - 1000),"Array, Binary Search, Greedy, Sliding Window, Sorting, Prefix Sum",https://leetcode.com/problems/minimum-cost-to-make-at-least-one-valid-path-in-a-grid,Medium
774,Can Do Questions (501 - 1000),"Array, Hash Table, String",https://leetcode.com/problems/binary-watch,Medium
775,Can Do Questions (501 - 1000),"Array, Breadth-First Search, Graph, Heap (Priority Queue), Matrix, Shortest Path",https://leetcode.com/problems/distribute-candies,Hard
776,Can Do Questions (501 - 1000),"Backtracking, Bit Manipulation",https://leetcode.com/problems/reaching-points,Easy
777,Can Do Questions (501 - 1000),"Array, Hash Table",https://leetcode.com/problems/path-in-zigzag-labelled-binary-tree,Easy
778,Can Do Questions (501 - 1000),Math,https://leetcode.com/problems/pseudo-palindromic-paths-in-a-binary-tree,Hard
779,Can Do Questions (501 - 1000),"Math, Tree, Binary Tree",https://leetcode.com/problems/binary-tree-coloring-game,Medium
780,Can Do Questions (501 - 1000),"Bit Manipulation, Tree, Depth-First Search, Breadth-First Search, Binary Tree",https://leetcode.com/problems/count-vowels-permutation,Medium
781,Can Do Questions (501 - 1000),"Tree, Depth-First Search, Binary Tree",https://leetcode.com/problems/number-of-enclaves,Medium
782,Can Do Questions (501 - 1000),Dynamic Programming,https://leetcode.com/problems/longest-happy-string,Hard
783,Can Do Questions (501 - 1000),"Array, Depth-First Search, Breadth-First Search, Union Find, Matrix",https://leetcode.com/problems/group-the-people-given-the-group-size-they-belong-to,Medium
784,Can Do Questions (501 - 1000),"String, Greedy, Heap (Priority Queue)",https://leetcode.com/problems/find-words-that-can-be-formed-by-characters,Medium
785,Can Do Questions (501 - 1000),"Array, Hash Table",https://leetcode.com/problems/maximum-69-number,Medium
786,Can Do Questions (501 - 1000),"Array, Hash Table, String",https://leetcode.com/problems/3sum-with-multiplicity,Easy
787,Can Do Questions (501 - 1000),"Math, Greedy",https://leetcode.com/problems/longest-well-performing-interval,Easy
788,Can Do Questions (501 - 1000),"Array, Hash Table, Two Pointers, Sorting, Counting",https://leetcode.com/problems/avoid-flood-in-the-city,Medium
789,Can Do Questions (501 - 1000),"Array, Hash Table, Stack, Monotonic Stack, Prefix Sum",https://leetcode.com/problems/maximum-sum-bst-in-binary-tree,Medium
790,Can Do Questions (501 - 1000),"Array, Hash Table, Binary Search, Greedy, Heap (Priority Queue)",https://leetcode.com/problems/stone-game-iii,Medium
791,Can Do Questions (501 - 1000),"Dynamic Programming, Tree, Depth-First Search, Binary Search Tree, Binary Tree",https://leetcode.com/problems/random-pick-index,Hard
792,Can Do Questions (501 - 1000),"Array, Math, Dynamic Programming, Game Theory",https://leetcode.com/problems/range-module,Hard
793,Can Do Questions (501 - 1000),"Hash Table, Math, Reservoir Sampling, Randomized",https://leetcode.com/problems/shortest-subarray-to-be-removed-to-make-array-sorted,Medium
794,Can Do Questions (501 - 1000),"Design, Segment Tree, Ordered Set",https://leetcode.com/problems/number-of-atoms,Hard
795,Can Do Questions (501 - 1000),"Array, Two Pointers, Binary Search, Stack, Monotonic Stack",https://leetcode.com/problems/destination-city,Medium
796,Can Do Questions (501 - 1000),"Hash Table, String, Stack",https://leetcode.com/problems/minimum-time-difference,Hard
797,Can Do Questions (501 - 1000),"Hash Table, String",https://leetcode.com/problems/subtract-the-product-and-sum-of-digits-of-an-integer,Easy
798,Can Do Questions (501 - 1000),"Array, Math, String, Sorting",https://leetcode.com/problems/create-target-array-in-the-given-order,Medium
799,Can Do Questions (501 - 1000),Math,https://leetcode.com/problems/final-prices-with-a-special-discount-in-a-shop,Easy
800,Can Do Questions (501 - 1000),"Array, Simulation",https://leetcode.com/problems/maximize-sum-of-array-after-k-negations,Easy
801,Can Do Questions (501 - 1000),"Array, Stack, Monotonic Stack",https://leetcode.com/problems/implement-rand10-using-rand7,Easy
802,Can Do Questions (501 - 1000),"Array, Greedy, Sorting",https://leetcode.com/problems/minimum-time-to-collect-all-apples-in-a-tree,Easy
803,Can Do Questions (501 - 1000),"Math, Rejection Sampling, Randomized, Probability and Statistics",https://leetcode.com/problems/kth-ancestor-of-a-tree-node,Medium
804,Can Do Questions (501 - 1000),"Hash Table, Tree, Depth-First Search, Breadth-First Search",https://leetcode.com/problems/cut-off-trees-for-golf-event,Medium
805,Can Do Questions (501 - 1000),"Binary Search, Dynamic Programming, Tree, Depth-First Search, Breadth-First Search, Design",https://leetcode.com/problems/bulb-switcher,Hard
806,Can Do Questions (501 - 1000),"Array, Breadth-First Search, Heap (Priority Queue), Matrix",https://leetcode.com/problems/uncommon-words-from-two-sentences,Hard
807,Can Do Questions (501 - 1000),"Math, Brainteaser",https://leetcode.com/problems/minimum-time-to-make-rope-colorful,Medium
808,Can Do Questions (501 - 1000),"Hash Table, String",https://leetcode.com/problems/binary-number-with-alternating-bits,Easy
809,Can Do Questions (501 - 1000),"Array, String, Dynamic Programming, Greedy",https://leetcode.com/problems/longest-arithmetic-subsequence-of-given-difference,Medium
810,Can Do Questions (501 - 1000),Bit Manipulation,https://leetcode.com/problems/matrix-diagonal-sum,Easy
811,Can Do Questions (501 - 1000),"Array, Hash Table, Dynamic Programming",https://leetcode.com/problems/remove-covered-intervals,Medium
812,Can Do Questions (501 - 1000),"Array, Matrix",https://leetcode.com/problems/keyboard-row,Easy
813,Can Do Questions (501 - 1000),"Array, Sorting",https://leetcode.com/problems/n-repeated-element-in-size-2n-array,Medium
814,Can Do Questions (501 - 1000),"Array, Hash Table, String",https://leetcode.com/problems/angle-between-hands-of-a-clock,Easy
815,Can Do Questions (501 - 1000),"Array, Hash Table",https://leetcode.com/problems/reverse-string-ii,Easy
816,Can Do Questions (501 - 1000),Math,https://leetcode.com/problems/convert-a-number-to-hexadecimal,Medium
817,Can Do Questions (501 - 1000),"Two Pointers, String",https://leetcode.com/problems/numbers-with-same-consecutive-differences,Easy
818,Can Do Questions (501 - 1000),"Math, Bit Manipulation",https://leetcode.com/problems/shifting-letters,Easy
819,Can Do Questions (501 - 1000),"Backtracking, Breadth-First Search",https://leetcode.com/problems/binary-trees-with-factors,Medium
820,Can Do Questions (501 - 1000),"Array, String",https://leetcode.com/problems/count-triplets-that-can-form-two-arrays-of-equal-xor,Medium
821,Can Do Questions (501 - 1000),"Array, Hash Table, Dynamic Programming",https://leetcode.com/problems/sort-integers-by-the-number-of-1-bits,Medium
822,Can Do Questions (501 - 1000),"Array, Hash Table, Math, Bit Manipulation, Prefix Sum",https://leetcode.com/problems/count-numbers-with-unique-digits,Medium
823,Can Do Questions (501 - 1000),"Array, Bit Manipulation, Sorting, Counting",https://leetcode.com/problems/xor-queries-of-a-subarray,Easy
824,Can Do Questions (501 - 1000),"Math, Dynamic Programming, Backtracking",https://leetcode.com/problems/monotone-increasing-digits,Medium
825,Can Do Questions (501 - 1000),"Array, Bit Manipulation, Prefix Sum",https://leetcode.com/problems/race-car,Medium
826,Can Do Questions (501 - 1000),"Math, Greedy",https://leetcode.com/problems/split-array-into-fibonacci-sequence,Medium
827,Can Do Questions (501 - 1000),Dynamic Programming,https://leetcode.com/problems/product-of-the-last-k-numbers,Hard
828,Can Do Questions (501 - 1000),"String, Backtracking",https://leetcode.com/problems/k-concatenation-maximum-sum,Medium
829,Can Do Questions (501 - 1000),"Array, Math, Design, Queue, Data Stream",https://leetcode.com/problems/count-servers-that-communicate,Medium
830,Can Do Questions (501 - 1000),"Array, Dynamic Programming",https://leetcode.com/problems/reducing-dishes,Medium
831,Can Do Questions (501 - 1000),"Array, Depth-First Search, Breadth-First Search, Union Find, Matrix, Counting",https://leetcode.com/problems/largest-perimeter-triangle,Medium
832,Can Do Questions (501 - 1000),"Array, Dynamic Programming, Greedy, Sorting",https://leetcode.com/problems/lucky-numbers-in-a-matrix,Hard
833,Can Do Questions (501 - 1000),"Array, Math, Greedy, Sorting",https://leetcode.com/problems/make-sum-divisible-by-p,Easy
834,Can Do Questions (501 - 1000),"Array, Matrix",https://leetcode.com/problems/find-duplicate-file-in-system,Easy
835,Can Do Questions (501 - 1000),"Array, Hash Table, Prefix Sum",https://leetcode.com/problems/rank-transform-of-an-array,Medium
836,Can Do Questions (501 - 1000),"Array, Hash Table, String",https://leetcode.com/problems/beautiful-array,Medium
837,Can Do Questions (501 - 1000),"Array, Hash Table, Sorting",https://leetcode.com/problems/decrypt-string-from-alphabet-to-integer-mapping,Easy
838,Can Do Questions (501 - 1000),"Array, Math, Divide and Conquer",https://leetcode.com/problems/find-the-winner-of-the-circular-game,Medium
839,Can Do Questions (501 - 1000),String,https://leetcode.com/problems/minimum-limit-of-balls-in-a-bag,Easy
840,Can Do Questions (501 - 1000),"Array, Math, Recursion, Queue, Simulation",https://leetcode.com/problems/minimum-swaps-to-make-strings-equal,Medium
841,Can Do Questions (501 - 1000),"Array, Binary Search",https://leetcode.com/problems/k-similar-strings,Medium
842,Can Do Questions (501 - 1000),"Math, String, Greedy",https://leetcode.com/problems/distant-barcodes,Medium
843,Can Do Questions (501 - 1000),"String, Breadth-First Search",https://leetcode.com/problems/find-valid-matrix-given-row-and-column-sums,Hard
844,Can Do Questions (501 - 1000),"Array, Hash Table, Greedy, Sorting, Heap (Priority Queue), Counting",https://leetcode.com/problems/build-array-from-permutation,Medium
845,Can Do Questions (501 - 1000),"Array, Greedy, Matrix",https://leetcode.com/problems/find-the-kth-smallest-sum-of-a-matrix-with-sorted-rows,Medium
846,Can Do Questions (501 - 1000),"Array, Simulation",https://leetcode.com/problems/maximum-product-of-two-elements-in-an-array,Easy
847,Can Do Questions (501 - 1000),"Array, Binary Search, Heap (Priority Queue), Matrix",https://leetcode.com/problems/rectangle-area-ii,Hard
848,Can Do Questions (501 - 1000),"Array, Sorting, Heap (Priority Queue)",https://leetcode.com/problems/flower-planting-with-no-adjacent,Easy
849,Can Do Questions (501 - 1000),"Array, Segment Tree, Line Sweep, Ordered Set",https://leetcode.com/problems/diagonal-traverse-ii,Hard
850,Can Do Questions (501 - 1000),"Depth-First Search, Breadth-First Search, Graph",https://leetcode.com/problems/split-array-with-same-average,Medium
851,Can Do Questions (501 - 1000),"Array, Sorting, Heap (Priority Queue)",https://leetcode.com/problems/strange-printer,Medium
852,Can Do Questions (501 - 1000),"Array, Math, Dynamic Programming, Bit Manipulation, Bitmask",https://leetcode.com/problems/minimum-number-of-increments-on-subarrays-to-form-a-target-array,Hard
853,Can Do Questions (501 - 1000),"String, Dynamic Programming",https://leetcode.com/problems/k-inverse-pairs-array,Hard
854,Can Do Questions (501 - 1000),"Array, Dynamic Programming, Stack, Greedy, Monotonic Stack",https://leetcode.com/problems/max-points-on-a-line,Hard
855,Can Do Questions (501 - 1000),Dynamic Programming,https://leetcode.com/problems/sort-integers-by-the-power-value,Hard
856,Can Do Questions (501 - 1000),"Hash Table, Math, Geometry",https://leetcode.com/problems/check-if-array-pairs-are-divisible-by-k,Hard
857,Can Do Questions (501 - 1000),"Dynamic Programming, Memoization, Sorting",https://leetcode.com/problems/rotate-function,Medium
858,Can Do Questions (501 - 1000),"Array, Hash Table, Counting",https://leetcode.com/problems/max-value-of-equation,Medium
859,Can Do Questions (501 - 1000),"Math, Dynamic Programming",https://leetcode.com/problems/minimum-genetic-mutation,Medium
860,Can Do Questions (501 - 1000),"Array, Queue, Sliding Window, Heap (Priority Queue), Monotonic Queue",https://leetcode.com/problems/bricks-falling-when-hit,Hard
861,Can Do Questions (501 - 1000),"Hash Table, String, Breadth-First Search",https://leetcode.com/problems/most-profit-assigning-work,Medium
862,Can Do Questions (501 - 1000),"Array, Union Find, Matrix",https://leetcode.com/problems/check-if-it-is-a-straight-line,Hard
863,Can Do Questions (501 - 1000),"Array, Two Pointers, Binary Search, Greedy, Sorting",https://leetcode.com/problems/integer-replacement,Medium
864,Can Do Questions (501 - 1000),"Array, Math, Geometry",https://leetcode.com/problems/maximum-erasure-value,Easy
865,Can Do Questions (501 - 1000),"Dynamic Programming, Greedy, Bit Manipulation, Memoization",https://leetcode.com/problems/merge-in-between-linked-lists,Medium
866,Can Do Questions (501 - 1000),"Array, Hash Table, Sliding Window",https://leetcode.com/problems/shortest-path-to-get-all-keys,Medium
867,Can Do Questions (501 - 1000),Linked List,https://leetcode.com/problems/license-key-formatting,Medium
868,Can Do Questions (501 - 1000),"Bit Manipulation, Breadth-First Search",https://leetcode.com/problems/longest-subarray-of-1s-after-deleting-one-element,Hard
869,Can Do Questions (501 - 1000),String,https://leetcode.com/problems/least-number-of-unique-integers-after-k-removals,Easy
870,Can Do Questions (501 - 1000),"Math, Dynamic Programming, Sliding Window",https://leetcode.com/problems/elimination-game,Medium
871,Can Do Questions (501 - 1000),"Array, Hash Table, Greedy, Sorting, Counting",https://leetcode.com/problems/maximum-side-length-of-a-square-with-sum-less-than-or-equal-to-threshold,Medium
872,Can Do Questions (501 - 1000),Math,https://leetcode.com/problems/minimum-number-of-k-consecutive-bit-flips,Medium
873,Can Do Questions (501 - 1000),"Array, Binary Search, Matrix, Prefix Sum",https://leetcode.com/problems/minimum-distance-to-type-a-word-using-two-fingers,Medium
874,Can Do Questions (501 - 1000),"Array, Bit Manipulation, Sliding Window, Prefix Sum",https://leetcode.com/problems/number-of-ways-to-paint-n-3-grid,Hard
875,Can Do Questions (501 - 1000),"String, Dynamic Programming",https://leetcode.com/problems/number-of-recent-calls,Hard
876,Can Do Questions (501 - 1000),Dynamic Programming,https://leetcode.com/problems/ways-to-make-a-fair-array,Hard
877,Can Do Questions (501 - 1000),"Design, Queue, Data Stream",https://leetcode.com/problems/rectangle-area,Easy
878,Can Do Questions (501 - 1000),"Array, Dynamic Programming",https://leetcode.com/problems/minimum-operations-to-make-array-equal,Medium
879,Can Do Questions (501 - 1000),"Math, Geometry",https://leetcode.com/problems/xor-operation-in-an-array,Medium
880,Can Do Questions (501 - 1000),Math,https://leetcode.com/problems/similar-string-groups,Medium
881,Can Do Questions (501 - 1000),"Math, Bit Manipulation",https://leetcode.com/problems/best-team-with-no-conflicts,Easy
882,Can Do Questions (501 - 1000),"String, Depth-First Search, Breadth-First Search, Union Find",https://leetcode.com/problems/ipo,Hard
883,Can Do Questions (501 - 1000),"Array, Dynamic Programming, Sorting",https://leetcode.com/problems/find-winner-on-a-tic-tac-toe-game,Medium
884,Can Do Questions (501 - 1000),"Array, Greedy, Sorting, Heap (Priority Queue)",https://leetcode.com/problems/constrained-subsequence-sum,Hard
885,Can Do Questions (501 - 1000),"Array, Hash Table, Matrix, Simulation",https://leetcode.com/problems/complement-of-base-10-integer,Easy
886,Can Do Questions (501 - 1000),"Array, Dynamic Programming, Queue, Sliding Window, Heap (Priority Queue), Monotonic Queue",https://leetcode.com/problems/k-th-smallest-prime-fraction,Hard
887,Can Do Questions (501 - 1000),Bit Manipulation,https://leetcode.com/problems/swap-adjacent-in-lr-string,Easy
888,Can Do Questions (501 - 1000),"Array, Binary Search, Heap (Priority Queue)",https://leetcode.com/problems/rank-teams-by-votes,Hard
889,Can Do Questions (501 - 1000),"Two Pointers, String",https://leetcode.com/problems/replace-the-substring-for-balanced-string,Medium
890,Can Do Questions (501 - 1000),"Array, Hash Table, String, Sorting, Counting",https://leetcode.com/problems/additive-number,Medium
891,Can Do Questions (501 - 1000),"String, Sliding Window",https://leetcode.com/problems/complete-binary-tree-inserter,Medium
892,Can Do Questions (501 - 1000),"String, Backtracking",https://leetcode.com/problems/three-equal-parts,Medium
893,Can Do Questions (501 - 1000),"Tree, Breadth-First Search, Design, Binary Tree",https://leetcode.com/problems/sequential-digits,Medium
894,Can Do Questions (501 - 1000),"Array, Math",https://leetcode.com/problems/jump-game-vii,Hard
895,Can Do Questions (501 - 1000),Enumeration,https://leetcode.com/problems/short-encoding-of-words,Medium
896,Can Do Questions (501 - 1000),"Two Pointers, String, Prefix Sum",https://leetcode.com/problems/break-a-palindrome,Medium
897,Can Do Questions (501 - 1000),"Array, Hash Table, String, Trie",https://leetcode.com/problems/check-if-n-and-its-double-exist,Medium
898,Can Do Questions (501 - 1000),"String, Greedy",https://leetcode.com/problems/maximum-nesting-depth-of-the-parentheses,Medium
899,Can Do Questions (501 - 1000),"Array, Hash Table, Two Pointers, Binary Search, Sorting",https://leetcode.com/problems/single-threaded-cpu,Easy
900,Can Do Questions (501 - 1000),"String, Stack",https://leetcode.com/problems/sorting-the-sentence,Easy
901,Can Do Questions (501 - 1000),"Array, Sorting, Heap (Priority Queue)",https://leetcode.com/problems/find-and-replace-in-string,Medium
902,Can Do Questions (501 - 1000),"String, Sorting",https://leetcode.com/problems/maximum-number-of-non-overlapping-subarrays-with-sum-equals-target,Easy
903,Can Do Questions (501 - 1000),"Array, String, Sorting",https://leetcode.com/problems/my-calendar-iii,Medium
904,Can Do Questions (501 - 1000),"Array, Hash Table, Greedy, Prefix Sum",https://leetcode.com/problems/sum-of-mutated-array-closest-to-target,Medium
905,Can Do Questions (501 - 1000),"Design, Segment Tree, Ordered Set",https://leetcode.com/problems/partitioning-into-minimum-number-of-deci-binary-numbers,Hard
906,Can Do Questions (501 - 1000),"Array, Binary Search, Sorting",https://leetcode.com/problems/stickers-to-spell-word,Medium
907,Can Do Questions (501 - 1000),"String, Greedy",https://leetcode.com/problems/number-of-music-playlists,Medium
908,Can Do Questions (501 - 1000),"Dynamic Programming, Backtracking, Bit Manipulation, Bitmask",https://leetcode.com/problems/count-the-number-of-consistent-strings,Hard
909,Can Do Questions (501 - 1000),"Math, Dynamic Programming, Combinatorics",https://leetcode.com/problems/flip-binary-tree-to-match-preorder-traversal,Hard
910,Can Do Questions (501 - 1000),"Array, Hash Table, String, Bit Manipulation",https://leetcode.com/problems/validate-binary-tree-nodes,Easy
911,Can Do Questions (501 - 1000),"Tree, Depth-First Search, Binary Tree",https://leetcode.com/problems/distribute-candies-to-people,Medium
912,Can Do Questions (501 - 1000),"Tree, Depth-First Search, Breadth-First Search, Union Find, Graph, Binary Tree",https://leetcode.com/problems/number-of-times-binary-string-is-prefix-aligned,Medium
913,Can Do Questions (501 - 1000),"Math, Simulation",https://leetcode.com/problems/number-of-sub-arrays-with-odd-sum,Easy
914,Can Do Questions (501 - 1000),Array,https://leetcode.com/problems/power-of-three,Medium
915,Can Do Questions (501 - 1000),"Array, Math, Dynamic Programming, Prefix Sum",https://leetcode.com/problems/swap-for-longest-repeated-character-substring,Medium
916,Can Do Questions (501 - 1000),"Math, Recursion",https://leetcode.com/problems/ugly-number-iii,Easy
917,Can Do Questions (501 - 1000),"String, Sliding Window",https://leetcode.com/problems/h-index-ii,Medium
918,Can Do Questions (501 - 1000),"Math, Binary Search, Number Theory",https://leetcode.com/problems/check-if-a-string-contains-all-binary-codes-of-size-k,Medium
919,Can Do Questions (501 - 1000),"Array, Binary Search",https://leetcode.com/problems/1-bit-and-2-bit-characters,Medium
920,Can Do Questions (501 - 1000),"Hash Table, String, Bit Manipulation, Rolling Hash, Hash Function",https://leetcode.com/problems/decompress-run-length-encoded-list,Medium
921,Can Do Questions (501 - 1000),Array,https://leetcode.com/problems/course-schedule-iv,Easy
922,Can Do Questions (501 - 1000),Array,https://leetcode.com/problems/maximum-subarray-min-product,Easy
923,Can Do Questions (501 - 1000),"Depth-First Search, Breadth-First Search, Graph, Topological Sort",https://leetcode.com/problems/smallest-sufficient-team,Medium
924,Can Do Questions (501 - 1000),"Array, Stack, Monotonic Stack, Prefix Sum",https://leetcode.com/problems/freedom-trail,Medium
925,Can Do Questions (501 - 1000),"Array, Dynamic Programming, Bit Manipulation, Bitmask",https://leetcode.com/problems/find-a-corresponding-node-of-a-binary-tree-in-a-clone-of-that-tree,Hard
926,Can Do Questions (501 - 1000),"String, Dynamic Programming, Depth-First Search, Breadth-First Search",https://leetcode.com/problems/dice-roll-simulation,Hard
927,Can Do Questions (501 - 1000),"Tree, Depth-First Search, Breadth-First Search, Binary Tree",https://leetcode.com/problems/ways-to-split-array-into-three-subarrays,Medium
928,Can Do Questions (501 - 1000),"Array, Dynamic Programming",https://leetcode.com/problems/water-and-jug-problem,Hard
929,Can Do Questions (501 - 1000),"Array, Two Pointers, Binary Search, Prefix Sum",https://leetcode.com/problems/goat-latin,Medium
930,Can Do Questions (501 - 1000),"Math, Depth-First Search, Breadth-First Search",https://leetcode.com/problems/cells-with-odd-values-in-a-matrix,Medium
931,Can Do Questions (501 - 1000),String,https://leetcode.com/problems/count-items-matching-a-rule,Easy
932,Can Do Questions (501 - 1000),"Array, Math, Simulation",https://leetcode.com/problems/sum-of-even-numbers-after-queries,Easy
933,Can Do Questions (501 - 1000),"Array, String",https://leetcode.com/problems/beautiful-arrangement-ii,Easy
934,Can Do Questions (501 - 1000),"Array, Simulation",https://leetcode.com/problems/linked-list-components,Medium
935,Can Do Questions (501 - 1000),"Array, Math",https://leetcode.com/problems/expressive-words,Medium
936,Can Do Questions (501 - 1000),"Hash Table, Linked List",https://leetcode.com/problems/find-the-highest-altitude,Medium
937,Can Do Questions (501 - 1000),"Array, Two Pointers, String",https://leetcode.com/problems/make-the-string-great,Medium
938,Can Do Questions (501 - 1000),"Array, Prefix Sum",https://leetcode.com/problems/validate-ip-address,Easy
939,Can Do Questions (501 - 1000),"String, Stack",https://leetcode.com/problems/palindrome-partitioning-iii,Easy
940,Can Do Questions (501 - 1000),String,https://leetcode.com/problems/check-if-two-string-arrays-are-equivalent,Medium
941,Can Do Questions (501 - 1000),"String, Dynamic Programming",https://leetcode.com/problems/where-will-the-ball-fall,Hard
942,Can Do Questions (501 - 1000),"Array, String",https://leetcode.com/problems/number-of-students-unable-to-eat-lunch,Easy
943,Can Do Questions (501 - 1000),"Array, Dynamic Programming, Depth-First Search, Matrix, Simulation",https://leetcode.com/problems/construct-target-array-with-multiple-sums,Medium
944,Can Do Questions (501 - 1000),"Array, Stack, Queue, Simulation",https://leetcode.com/problems/valid-square,Easy
945,Can Do Questions (501 - 1000),"Array, Heap (Priority Queue)",https://leetcode.com/problems/minimum-falling-path-sum-ii,Hard
946,Can Do Questions (501 - 1000),"Math, Geometry",https://leetcode.com/problems/allocate-mailboxes,Medium
947,Can Do Questions (501 - 1000),"Array, Dynamic Programming, Matrix",https://leetcode.com/problems/queens-that-can-attack-the-king,Hard
948,Can Do Questions (501 - 1000),"Array, Math, Dynamic Programming, Sorting",https://leetcode.com/problems/online-election,Hard
949,Can Do Questions (501 - 1000),"Array, Matrix, Simulation",https://leetcode.com/problems/maximum-number-of-vowels-in-a-substring-of-given-length,Medium
950,Can Do Questions (501 - 1000),"Array, Hash Table, Binary Search, Design",https://leetcode.com/problems/water-bottles,Medium
951,Can Do Questions (501 - 1000),"String, Sliding Window",https://leetcode.com/problems/check-array-formation-through-concatenation,Medium
952,Can Do Questions (501 - 1000),"Math, Simulation",https://leetcode.com/problems/array-partition-i,Easy
953,Can Do Questions (501 - 1000),"Array, Hash Table",https://leetcode.com/problems/bag-of-tokens,Easy
954,Can Do Questions (501 - 1000),"Array, Greedy, Sorting, Counting Sort",https://leetcode.com/problems/max-number-of-k-sum-pairs,Easy
955,Can Do Questions (501 - 1000),"Array, Two Pointers, Greedy, Sorting",https://leetcode.com/problems/nth-digit,Medium
956,Can Do Questions (501 - 1000),"Array, Hash Table, Two Pointers, Sorting",https://leetcode.com/problems/poor-pigs,Medium
957,Can Do Questions (501 - 1000),"Math, Binary Search",https://leetcode.com/problems/concatenation-of-array,Medium
958,Can Do Questions (501 - 1000),"Math, Dynamic Programming, Combinatorics",https://leetcode.com/problems/find-the-minimum-number-of-fibonacci-numbers-whose-sum-is-k,Hard
959,Can Do Questions (501 - 1000),Array,https://leetcode.com/problems/make-two-arrays-equal-by-reversing-sub-arrays,Easy
960,Can Do Questions (501 - 1000),Greedy,https://leetcode.com/problems/number-of-squareful-arrays,Medium
961,Can Do Questions (501 - 1000),"Array, Hash Table, Sorting",https://leetcode.com/problems/number-of-ways-to-arrive-at-destination,Easy
962,Can Do Questions (501 - 1000),"Array, Math, Dynamic Programming, Backtracking, Bit Manipulation, Bitmask",https://leetcode.com/problems/number-of-digit-one,Hard
963,Can Do Questions (501 - 1000),"Dynamic Programming, Graph, Topological Sort, Shortest Path",https://leetcode.com/problems/design-circular-deque,Medium
964,Can Do Questions (501 - 1000),"Math, Dynamic Programming, Recursion",https://leetcode.com/problems/range-addition-ii,Hard
965,Can Do Questions (501 - 1000),"Array, Linked List, Design, Queue",https://leetcode.com/problems/stone-game-vii,Medium
966,Can Do Questions (501 - 1000),"Array, Math",https://leetcode.com/problems/fruit-into-baskets,Easy
967,Can Do Questions (501 - 1000),"Array, Math, Dynamic Programming, Game Theory",https://leetcode.com/problems/tallest-billboard,Medium
968,Can Do Questions (501 - 1000),"Array, Hash Table, Sliding Window",https://leetcode.com/problems/construct-k-palindrome-strings,Medium
969,Can Do Questions (501 - 1000),"Array, Dynamic Programming",https://leetcode.com/problems/the-k-th-lexicographical-string-of-all-happy-strings-of-length-n,Hard
970,Can Do Questions (501 - 1000),"Hash Table, String, Greedy, Counting",https://leetcode.com/problems/alphabet-board-path,Medium
971,Can Do Questions (501 - 1000),"String, Backtracking",https://leetcode.com/problems/minimum-jumps-to-reach-home,Medium
972,Can Do Questions (501 - 1000),"Hash Table, String",https://leetcode.com/problems/determine-if-two-strings-are-close,Medium
973,Can Do Questions (501 - 1000),"Array, Dynamic Programming, Breadth-First Search",https://leetcode.com/problems/sum-of-unique-elements,Medium
974,Can Do Questions (501 - 1000),"Hash Table, String, Sorting",https://leetcode.com/problems/element-appearing-more-than-25-in-sorted-array,Medium
975,Can Do Questions (501 - 1000),"Array, Hash Table, Counting",https://leetcode.com/problems/largest-number-at-least-twice-of-others,Easy
976,Can Do Questions (501 - 1000),Array,https://leetcode.com/problems/rabbits-in-forest,Easy
977,Can Do Questions (501 - 1000),"Array, Sorting",https://leetcode.com/problems/minimum-number-of-days-to-eat-n-oranges,Easy
978,Can Do Questions (501 - 1000),"Array, Hash Table, Math, Greedy",https://leetcode.com/problems/positions-of-large-groups,Medium
979,Can Do Questions (501 - 1000),"Dynamic Programming, Memoization",https://leetcode.com/problems/shuffle-an-array,Hard
980,Can Do Questions (501 - 1000),String,https://leetcode.com/problems/maximum-absolute-sum-of-any-subarray,Easy
981,Can Do Questions (501 - 1000),"Array, Math, Randomized",https://leetcode.com/problems/minimum-number-of-frogs-croaking,Medium
982,Can Do Questions (501 - 1000),"Array, Dynamic Programming",https://leetcode.com/problems/sell-diminishing-valued-colored-balls,Medium
983,Can Do Questions (501 - 1000),"String, Counting",https://leetcode.com/problems/sum-of-absolute-differences-in-a-sorted-array,Medium
984,Can Do Questions (501 - 1000),"Array, Math, Binary Search, Greedy, Sorting, Heap (Priority Queue)",https://leetcode.com/problems/cat-and-mouse,Medium
985,Can Do Questions (501 - 1000),"Array, Math, Prefix Sum",https://leetcode.com/problems/sum-of-all-subset-xor-totals,Medium
986,Can Do Questions (501 - 1000),"Math, Dynamic Programming, Breadth-First Search, Graph, Memoization, Game Theory",https://leetcode.com/problems/minimum-suffix-flips,Hard
987,Can Do Questions (501 - 1000),"Array, Math, Backtracking, Bit Manipulation, Combinatorics",https://leetcode.com/problems/decode-xored-array,Easy
988,Can Do Questions (501 - 1000),"String, Greedy",https://leetcode.com/problems/count-sub-islands,Medium
989,Can Do Questions (501 - 1000),"Array, Bit Manipulation",https://leetcode.com/problems/data-stream-as-disjoint-intervals,Easy
990,Can Do Questions (501 - 1000),"Array, Depth-First Search, Breadth-First Search, Union Find, Matrix",https://leetcode.com/problems/minimum-moves-to-move-a-box-to-their-target-location,Medium
991,Can Do Questions (501 - 1000),"Binary Search, Design, Ordered Set",https://leetcode.com/problems/largest-submatrix-with-rearrangements,Hard
992,Can Do Questions (501 - 1000),"Array, Breadth-First Search, Heap (Priority Queue), Matrix",https://leetcode.com/problems/jump-game-v,Hard
993,Can Do Questions (501 - 1000),"Array, Greedy, Sorting, Matrix",https://leetcode.com/problems/perfect-rectangle,Medium
994,Can Do Questions (501 - 1000),"Array, Dynamic Programming, Sorting",https://leetcode.com/problems/get-equal-substrings-within-budget,Hard
995,Can Do Questions (501 - 1000),"Array, Line Sweep",https://leetcode.com/problems/longest-happy-prefix,Hard
996,Can Do Questions (501 - 1000),"String, Binary Search, Sliding Window, Prefix Sum",https://leetcode.com/problems/minimum-number-of-removals-to-make-mountain-array,Medium
997,Can Do Questions (501 - 1000),"String, Rolling Hash, String Matching, Hash Function",https://leetcode.com/problems/make-array-strictly-increasing,Hard
998,Can Do Questions (501 - 1000),"Array, Binary Search, Dynamic Programming, Greedy",https://leetcode.com/problems/random-pick-with-blacklist,Hard
999,Can Do Questions (501 - 1000),"Array, Binary Search, Dynamic Programming",https://leetcode.com/problems/minimize-malware-spread,Hard
1000,Can Do Questions (501 - 1000),"Hash Table, Math, Binary Search, Sorting, Randomized",https://leetcode.com/problems/rank-transform-of-a-matrix,Hard
#,Optional,Topic,https://leetcode.com/problems/minimum-deletions-to-make-string-balanced,Difficulty
1001,Optional,"Array, Depth-First Search, Breadth-First Search, Union Find, Matrix",https://leetcode.com/problems/sort-items-by-groups-respecting-dependencies,Hard
1002,Optional,"Array, Greedy, Union Find, Graph, Topological Sort, Matrix",https://leetcode.com/problems/special-array-with-x-elements-greater-than-or-equal-x,Hard
1003,Optional,"String, Dynamic Programming, Stack",https://leetcode.com/problems/the-kth-factor-of-n,Medium
1004,Optional,"Depth-First Search, Breadth-First Search, Graph, Topological Sort",https://leetcode.com/problems/rotated-digits,Hard
1005,Optional,"Array, Binary Search, Sorting",https://leetcode.com/problems/minimum-insertions-to-balance-a-parentheses-string,Easy
1006,Optional,Math,https://leetcode.com/problems/longest-uncommon-subsequence-i,Medium
1007,Optional,"Math, Dynamic Programming",https://leetcode.com/problems/number-of-boomerangs,Medium
1008,Optional,"String, Stack, Greedy",https://leetcode.com/problems/reordered-power-of-2,Medium
1009,Optional,String,https://leetcode.com/problems/find-lucky-integer-in-an-array,Easy
1010,Optional,"Array, Hash Table, Math",https://leetcode.com/problems/maximal-network-rank,Medium
1011,Optional,"Math, Sorting, Counting, Enumeration",https://leetcode.com/problems/egg-drop-with-2-eggs-and-n-floors,Medium
1012,Optional,"Array, Hash Table, Counting",https://leetcode.com/problems/number-of-wonderful-substrings,Easy
1013,Optional,Graph,https://leetcode.com/problems/parsing-a-boolean-expression,Medium
1014,Optional,"Math, Dynamic Programming",https://leetcode.com/problems/even-odd-tree,Medium
1015,Optional,"Hash Table, String, Bit Manipulation, Prefix Sum",https://leetcode.com/problems/number-of-visible-people-in-a-queue,Medium
1016,Optional,"String, Stack, Recursion",https://leetcode.com/problems/remove-comments,Hard
1017,Optional,"Tree, Breadth-First Search, Binary Tree",https://leetcode.com/problems/maximum-score-words-formed-by-letters,Medium
1018,Optional,"Array, Stack, Monotonic Stack",https://leetcode.com/problems/stone-game-iv,Hard
1019,Optional,"Array, String",https://leetcode.com/problems/number-of-ways-to-wear-different-hats-to-each-other,Medium
1020,Optional,"Array, String, Dynamic Programming, Backtracking, Bit Manipulation, Bitmask",https://leetcode.com/problems/restore-the-array-from-adjacent-pairs,Hard
1021,Optional,"Math, Dynamic Programming, Game Theory",https://leetcode.com/problems/check-if-the-sentence-is-pangram,Hard
1022,Optional,"Array, Dynamic Programming, Bit Manipulation, Bitmask",https://leetcode.com/problems/erect-the-fence,Hard
1023,Optional,"Array, Hash Table",https://leetcode.com/problems/loud-and-rich,Medium
1024,Optional,"Hash Table, String",https://leetcode.com/problems/max-dot-product-of-two-subsequences,Easy
1025,Optional,"Array, Math, Geometry",https://leetcode.com/problems/orderly-queue,Hard
1026,Optional,"Array, Depth-First Search, Graph, Topological Sort",https://leetcode.com/problems/remove-sub-folders-from-the-filesystem,Medium
1027,Optional,"Array, Dynamic Programming",https://leetcode.com/problems/parallel-courses-ii,Hard
1028,Optional,"Math, String, Sorting",https://leetcode.com/problems/goal-parser-interpretation,Hard
1029,Optional,"Array, String, Trie",https://leetcode.com/problems/minimum-number-of-flips-to-make-the-binary-string-alternating,Medium
1030,Optional,"Dynamic Programming, Bit Manipulation, Graph, Bitmask",https://leetcode.com/problems/smallest-string-with-a-given-numeric-value,Hard
1031,Optional,String,https://leetcode.com/problems/count-substrings-that-differ-by-one-character,Easy
1032,Optional,"String, Greedy",https://leetcode.com/problems/maximum-number-of-occurrences-of-a-substring,Medium
1033,Optional,"String, Greedy",https://leetcode.com/problems/maximum-students-taking-exam,Medium
1034,Optional,"Hash Table, String, Dynamic Programming",https://leetcode.com/problems/largest-time-for-given-digits,Medium
1035,Optional,"Hash Table, String, Sliding Window",https://leetcode.com/problems/design-parking-system,Medium
1036,Optional,"Array, Dynamic Programming, Bit Manipulation, Matrix, Bitmask",https://leetcode.com/problems/maximum-score-from-performing-multiplication-operations,Hard
1037,Optional,"String, Enumeration",https://leetcode.com/problems/car-fleet-ii,Medium
1038,Optional,"Design, Simulation, Counting",https://leetcode.com/problems/remove-max-number-of-edges-to-keep-graph-fully-traversable,Easy
1039,Optional,"Array, Dynamic Programming",https://leetcode.com/problems/k-th-smallest-in-lexicographical-order,Medium
1040,Optional,"Array, Math, Stack, Heap (Priority Queue), Monotonic Stack",https://leetcode.com/problems/find-if-path-exists-in-graph,Hard
1041,Optional,"Union Find, Graph",https://leetcode.com/problems/find-elements-in-a-contaminated-binary-tree,Hard
1042,Optional,Trie,https://leetcode.com/problems/maximum-number-of-coins-you-can-get,Hard
1043,Optional,"Depth-First Search, Breadth-First Search, Graph",https://leetcode.com/problems/stamping-the-sequence,Easy
1044,Optional,"Tree, Depth-First Search, Breadth-First Search, Design, Binary Tree",https://leetcode.com/problems/reconstruct-original-digits-from-english,Medium
1045,Optional,"Array, Math, Greedy, Sorting, Game Theory",https://leetcode.com/problems/number-of-students-doing-homework-at-a-given-time,Medium
1046,Optional,"String, Stack, Greedy, Queue",https://leetcode.com/problems/minimize-deviation-in-array,Hard
1047,Optional,"Hash Table, Math, String",https://leetcode.com/problems/get-the-maximum-score,Medium
1048,Optional,Array,https://leetcode.com/problems/maximum-alternating-subsequence-sum,Easy
1049,Optional,"Array, Greedy, Heap (Priority Queue), Ordered Set",https://leetcode.com/problems/special-binary-string,Hard
1050,Optional,"Array, Two Pointers, Dynamic Programming, Greedy",https://leetcode.com/problems/check-if-word-is-valid-after-substitutions,Hard
1051,Optional,"Array, Dynamic Programming",https://leetcode.com/problems/can-make-arithmetic-progression-from-sequence,Medium
1052,Optional,"String, Recursion",https://leetcode.com/problems/super-washing-machines,Hard
1053,Optional,"String, Stack",https://leetcode.com/problems/count-of-matches-in-tournament,Medium
1054,Optional,"Array, Sorting",https://leetcode.com/problems/perfect-number,Easy
1055,Optional,"Array, Greedy",https://leetcode.com/problems/guess-number-higher-or-lower,Hard
1056,Optional,"Math, Simulation",https://leetcode.com/problems/minimize-hamming-distance-after-swap-operations,Easy
1057,Optional,Math,https://leetcode.com/problems/can-make-palindrome-from-substring,Easy
1058,Optional,"Binary Search, Interactive",https://leetcode.com/problems/check-if-there-is-a-valid-path-in-a-grid,Easy
1059,Optional,"Array, Depth-First Search, Union Find",https://leetcode.com/problems/detect-cycles-in-2d-grid,Medium
1060,Optional,"Hash Table, String, Bit Manipulation, Prefix Sum",https://leetcode.com/problems/number-of-restricted-paths-from-first-to-last-node,Medium
1061,Optional,"Array, Depth-First Search, Breadth-First Search, Union Find, Matrix",https://leetcode.com/problems/camelcase-matching,Medium
1062,Optional,"Array, Depth-First Search, Breadth-First Search, Union Find, Matrix",https://leetcode.com/problems/minimum-sideway-jumps,Medium
1063,Optional,"Dynamic Programming, Graph, Topological Sort, Heap (Priority Queue), Shortest Path",https://leetcode.com/problems/friends-of-appropriate-ages,Medium
1064,Optional,"Two Pointers, String, Trie, String Matching",https://leetcode.com/problems/pizza-with-3n-slices,Medium
1065,Optional,"Array, Dynamic Programming, Greedy",https://leetcode.com/problems/number-of-ways-to-stay-in-the-same-place-after-some-steps,Medium
1066,Optional,"Array, Two Pointers, Binary Search, Sorting",https://leetcode.com/problems/find-a-peak-element-ii,Medium
1067,Optional,"Array, Dynamic Programming, Greedy, Heap (Priority Queue)",https://leetcode.com/problems/minimum-number-of-swaps-to-make-the-string-balanced,Hard
1068,Optional,Dynamic Programming,https://leetcode.com/problems/range-sum-of-sorted-subarray-sums,Hard
1069,Optional,"Array, Binary Search, Divide and Conquer, Matrix",https://leetcode.com/problems/split-a-string-into-the-max-number-of-unique-substrings,Medium
1070,Optional,"Two Pointers, String, Stack, Greedy",https://leetcode.com/problems/reachable-nodes-in-subdivided-graph,Medium
1071,Optional,"Array, Two Pointers, Binary Search, Sorting",https://leetcode.com/problems/distance-between-bus-stops,Medium
1072,Optional,"Hash Table, String, Backtracking",https://leetcode.com/problems/paint-house-iii,Medium
1073,Optional,"Graph, Heap (Priority Queue), Shortest Path",https://leetcode.com/problems/process-tasks-using-servers,Hard
1074,Optional,Array,https://leetcode.com/problems/maximum-number-of-removable-characters,Easy
1075,Optional,"Array, Dynamic Programming",https://leetcode.com/problems/flip-columns-for-maximum-number-of-equal-rows,Hard
1076,Optional,"Array, Heap (Priority Queue)",https://leetcode.com/problems/rle-iterator,Medium
1077,Optional,"Array, String, Binary Search",https://leetcode.com/problems/binary-prefix-divisible-by-5,Medium
1078,Optional,"Array, Hash Table, Matrix",https://leetcode.com/problems/slowest-key,Medium
1079,Optional,"Array, Design, Counting, Iterator",https://leetcode.com/problems/maximum-score-of-a-good-subarray,Medium
1080,Optional,Array,https://leetcode.com/problems/minimize-maximum-pair-sum-in-array,Easy
1081,Optional,"Array, String",https://leetcode.com/problems/complex-number-multiplication,Easy
1082,Optional,"Array, Two Pointers, Binary Search, Stack, Monotonic Stack",https://leetcode.com/problems/maximum-non-negative-product-in-a-matrix,Hard
1083,Optional,"Array, Two Pointers, Greedy, Sorting",https://leetcode.com/problems/the-number-of-weak-characters-in-the-game,Medium
1084,Optional,"Math, String, Simulation",https://leetcode.com/problems/increasing-decreasing-string,Medium
1085,Optional,"Array, Dynamic Programming, Matrix",https://leetcode.com/problems/find-longest-awesome-substring,Medium
1086,Optional,"Array, Stack, Greedy, Sorting, Monotonic Stack",https://leetcode.com/problems/compare-strings-by-frequency-of-the-smallest-character,Medium
1087,Optional,"Hash Table, String, Counting",https://leetcode.com/problems/minimum-number-of-flips-to-convert-binary-matrix-to-zero-matrix,Easy
1088,Optional,"Hash Table, String, Bit Manipulation",https://leetcode.com/problems/arithmetic-subarrays,Hard
1089,Optional,"Array, Hash Table, String, Binary Search, Sorting",https://leetcode.com/problems/form-largest-integer-with-digits-that-add-up-to-target,Medium
1090,Optional,"Array, Bit Manipulation, Breadth-First Search, Matrix",https://leetcode.com/problems/number-of-substrings-with-only-1s,Hard
1091,Optional,"Array, Sorting",https://leetcode.com/problems/length-of-last-word,Medium
1092,Optional,"Array, Dynamic Programming",https://leetcode.com/problems/string-matching-in-an-array,Hard
1093,Optional,"Math, String",https://leetcode.com/problems/number-of-sub-arrays-of-size-k-and-average-greater-than-or-equal-to-threshold,Medium
1094,Optional,String,https://leetcode.com/problems/count-all-valid-pickup-and-delivery-options,Easy
1095,Optional,"String, String Matching",https://leetcode.com/problems/rotating-the-box,Easy
1096,Optional,"Array, Sliding Window",https://leetcode.com/problems/check-if-a-string-can-break-another-string,Medium
1097,Optional,"Math, Dynamic Programming, Combinatorics",https://leetcode.com/problems/largest-1-bordered-square,Hard
1098,Optional,"Array, Two Pointers, Matrix",https://leetcode.com/problems/maximum-score-after-splitting-a-string,Medium
1099,Optional,"String, Greedy, Sorting",https://leetcode.com/problems/count-good-meals,Medium
1100,Optional,"Array, Dynamic Programming, Matrix",https://leetcode.com/problems/find-the-closest-palindrome,Medium
1101,Optional,String,https://leetcode.com/problems/check-if-number-is-a-sum-of-powers-of-three,Easy
1102,Optional,"Array, Hash Table",https://leetcode.com/problems/split-two-strings-to-make-palindrome,Medium
1103,Optional,"Math, String",https://leetcode.com/problems/pyramid-transition-matrix,Hard
1104,Optional,Math,https://leetcode.com/problems/check-if-a-word-occurs-as-a-prefix-of-any-word-in-a-sentence,Medium
1105,Optional,"Two Pointers, String, Greedy",https://leetcode.com/problems/minimum-operations-to-make-the-array-increasing,Medium
1106,Optional,"Bit Manipulation, Depth-First Search, Breadth-First Search",https://leetcode.com/problems/spiral-matrix-iii,Medium
1107,Optional,"String, String Matching",https://leetcode.com/problems/number-of-equivalent-domino-pairs,Easy
1108,Optional,"Array, Greedy",https://leetcode.com/problems/matrix-cells-in-distance-order,Easy
1109,Optional,"Array, Matrix, Simulation",https://leetcode.com/problems/path-crossing,Medium
1110,Optional,"Array, Hash Table, Counting",https://leetcode.com/problems/maximum-sum-obtained-of-any-permutation,Easy
1111,Optional,"Array, Math, Geometry, Sorting, Matrix",https://leetcode.com/problems/map-of-highest-peak,Easy
1112,Optional,"Hash Table, String",https://leetcode.com/problems/strong-password-checker,Easy
1113,Optional,"Array, Greedy, Sorting, Prefix Sum",https://leetcode.com/problems/shift-2d-grid,Medium
1114,Optional,"Array, Breadth-First Search, Matrix",https://leetcode.com/problems/create-sorted-array-through-instructions,Medium
1115,Optional,"String, Greedy, Heap (Priority Queue)",https://leetcode.com/problems/string-without-aaa-or-bbb,Hard
1116,Optional,"Array, Matrix, Simulation",https://leetcode.com/problems/rearrange-words-in-a-sentence,Easy
1117,Optional,"Array, Binary Search, Divide and Conquer, Binary Indexed Tree, Segment Tree, Merge Sort, Ordered Set",https://leetcode.com/problems/determine-if-string-halves-are-alike,Hard
1118,Optional,"String, Greedy",https://leetcode.com/problems/maximum-number-of-eaten-apples,Medium
1119,Optional,"String, Sorting",https://leetcode.com/problems/sum-of-subsequence-widths,Medium
1120,Optional,"String, Counting",https://leetcode.com/problems/valid-permutations-for-di-sequence,Easy
1121,Optional,"Array, Greedy, Heap (Priority Queue)",https://leetcode.com/problems/maximum-average-pass-ratio,Medium
1122,Optional,"Array, Math, Sorting",https://leetcode.com/problems/find-minimum-time-to-finish-all-jobs,Hard
1123,Optional,Dynamic Programming,https://leetcode.com/problems/maximum-number-of-non-overlapping-substrings,Hard
1124,Optional,"Array, Greedy, Heap (Priority Queue)",https://leetcode.com/problems/detect-pattern-of-length-m-repeated-k-or-more-times,Medium
1125,Optional,"Array, Dynamic Programming, Backtracking, Bit Manipulation, Bitmask",https://leetcode.com/problems/delete-columns-to-make-sorted-ii,Hard
1126,Optional,"String, Greedy",https://leetcode.com/problems/decode-xored-permutation,Hard
1127,Optional,"Array, Enumeration",https://leetcode.com/problems/set-intersection-size-at-least-two,Easy
1128,Optional,"Array, String, Greedy",https://leetcode.com/problems/construct-quad-tree,Medium
1129,Optional,"Array, Bit Manipulation",https://leetcode.com/problems/find-the-winner-of-an-array-game,Medium
1130,Optional,"Array, Greedy, Sorting",https://leetcode.com/problems/equal-sum-arrays-with-minimum-number-of-operations,Hard
1131,Optional,"Array, Divide and Conquer, Tree, Matrix",https://leetcode.com/problems/maximum-value-at-a-given-index-in-a-bounded-array,Medium
1132,Optional,"Array, Simulation",https://leetcode.com/problems/snakes-and-ladders,Medium
1133,Optional,"Array, Hash Table, Greedy, Counting",https://leetcode.com/problems/online-majority-element-in-subarray,Medium
1134,Optional,"Binary Search, Greedy",https://leetcode.com/problems/number-of-steps-to-reduce-a-number-in-binary-representation-to-one,Medium
1135,Optional,"Array, Breadth-First Search, Matrix",https://leetcode.com/problems/base-7,Medium
1136,Optional,"Array, Binary Search, Design, Binary Indexed Tree, Segment Tree",https://leetcode.com/problems/falling-squares,Hard
1137,Optional,"String, Bit Manipulation",https://leetcode.com/problems/last-substring-in-lexicographical-order,Medium
1138,Optional,Math,https://leetcode.com/problems/maximum-of-absolute-value-expression,Easy
1139,Optional,"Array, Segment Tree, Ordered Set",https://leetcode.com/problems/checking-existence-of-edge-length-limited-paths,Hard
1140,Optional,"Two Pointers, String",https://leetcode.com/problems/prime-number-of-set-bits-in-binary-representation,Hard
1141,Optional,"Array, Math",https://leetcode.com/problems/escape-a-large-maze,Medium
1142,Optional,"Array, Union Find, Graph, Sorting",https://leetcode.com/problems/tiling-a-rectangle-with-the-fewest-squares,Hard
1143,Optional,"Math, Bit Manipulation",https://leetcode.com/problems/maximum-population-year,Easy
1144,Optional,"Array, Hash Table, Depth-First Search, Breadth-First Search",https://leetcode.com/problems/super-pow,Hard
1145,Optional,"Dynamic Programming, Backtracking",https://leetcode.com/problems/find-latest-group-of-size-m,Hard
1146,Optional,"Array, Counting",https://leetcode.com/problems/longest-nice-substring,Easy
1147,Optional,"Math, Divide and Conquer",https://leetcode.com/problems/remove-all-occurrences-of-a-substring,Medium
1148,Optional,"Array, Binary Search, Simulation",https://leetcode.com/problems/minimum-number-of-work-sessions-to-finish-the-tasks,Medium
1149,Optional,"Hash Table, String, Bit Manipulation, Sliding Window",https://leetcode.com/problems/build-an-array-with-stack-operations,Easy
1150,Optional,String,https://leetcode.com/problems/maximum-number-of-consecutive-values-you-can-make,Medium
1151,Optional,"Array, Dynamic Programming, Backtracking, Bit Manipulation, Bitmask",https://leetcode.com/problems/stone-game-vi,Medium
1152,Optional,"Array, Stack, Simulation",https://leetcode.com/problems/maximum-distance-between-a-pair-of-values,Easy
1153,Optional,"Array, Greedy",https://leetcode.com/problems/available-captures-for-rook,Medium
1154,Optional,"Array, Math, Greedy, Sorting, Heap (Priority Queue), Game Theory",https://leetcode.com/problems/string-compression-ii,Medium
1155,Optional,"Array, Two Pointers, Binary Search, Greedy",https://leetcode.com/problems/number-of-ways-to-rearrange-sticks-with-k-sticks-visible,Medium
1156,Optional,"Array, Matrix, Simulation",https://leetcode.com/problems/determine-whether-matrix-can-be-obtained-by-rotation,Easy
1157,Optional,"String, Dynamic Programming",https://leetcode.com/problems/maximum-height-by-stacking-cuboids,Hard
1158,Optional,"Math, Dynamic Programming, Combinatorics",https://leetcode.com/problems/groups-of-special-equivalent-strings,Hard
1159,Optional,"Array, Matrix",https://leetcode.com/problems/number-of-ways-of-cutting-a-pizza,Easy
1160,Optional,"Array, Dynamic Programming, Sorting",https://leetcode.com/problems/palindrome-partitioning-iv,Hard
1161,Optional,"Array, Hash Table, String",https://leetcode.com/problems/average-salary-excluding-the-minimum-and-maximum-salary,Medium
1162,Optional,"Array, Dynamic Programming, Memoization, Matrix",https://leetcode.com/problems/maximum-score-from-removing-stones,Hard
1163,Optional,"String, Dynamic Programming",https://leetcode.com/problems/minimum-absolute-sum-difference,Hard
1164,Optional,"Array, Sorting",https://leetcode.com/problems/queries-on-number-of-points-inside-a-circle,Easy
1165,Optional,"Math, Greedy, Heap (Priority Queue)",https://leetcode.com/problems/dota2-senate,Medium
1166,Optional,"Array, Binary Search, Sorting, Ordered Set",https://leetcode.com/problems/delete-columns-to-make-sorted-iii,Medium
1167,Optional,"Array, Math, Geometry",https://leetcode.com/problems/find-critical-and-pseudo-critical-edges-in-minimum-spanning-tree,Medium
1168,Optional,"String, Greedy, Queue",https://leetcode.com/problems/maximum-earnings-from-taxi,Medium
1169,Optional,"Array, String, Dynamic Programming",https://leetcode.com/problems/number-of-segments-in-a-string,Hard
1170,Optional,"Union Find, Graph, Sorting, Minimum Spanning Tree, Strongly Connected Component",https://leetcode.com/problems/valid-number,Hard
1171,Optional,"Array, Binary Search, Dynamic Programming, Sorting",https://leetcode.com/problems/substrings-of-size-three-with-distinct-characters,Medium
1172,Optional,String,https://leetcode.com/problems/profitable-schemes,Easy
1173,Optional,String,https://leetcode.com/problems/crawler-log-folder,Hard
1174,Optional,"Hash Table, String, Sliding Window, Counting",https://leetcode.com/problems/binary-gap,Easy
1175,Optional,"Array, Dynamic Programming",https://leetcode.com/problems/longest-chunked-palindrome-decomposition,Hard
1176,Optional,"Array, String, Stack",https://leetcode.com/problems/check-if-array-is-sorted-and-rotated,Easy
1177,Optional,"Math, Bit Manipulation",https://leetcode.com/problems/cinema-seat-allocation,Easy
1178,Optional,"Two Pointers, String, Dynamic Programming, Greedy, Rolling Hash, Hash Function",https://leetcode.com/problems/find-kth-bit-in-nth-binary-string,Hard
1179,Optional,Array,https://leetcode.com/problems/minimum-moves-to-make-array-complementary,Easy
1180,Optional,"Array, Hash Table, Greedy, Bit Manipulation",https://leetcode.com/problems/maximum-number-of-events-that-can-be-attended-ii,Medium
1181,Optional,"String, Recursion",https://leetcode.com/problems/merge-strings-alternately,Medium
1182,Optional,"Array, Hash Table, Prefix Sum",https://leetcode.com/problems/number-of-ways-to-split-a-string,Medium
1183,Optional,"Array, Binary Search, Dynamic Programming",https://leetcode.com/problems/smallest-range-i,Hard
1184,Optional,"Two Pointers, String",https://leetcode.com/problems/calculate-money-in-leetcode-bank,Easy
1185,Optional,"Math, String",https://leetcode.com/problems/surface-area-of-3d-shapes,Medium
1186,Optional,"Array, Math",https://leetcode.com/problems/build-array-where-you-can-find-the-maximum-exactly-k-comparisons,Easy
1187,Optional,Math,https://leetcode.com/problems/minimize-malware-spread-ii,Easy
1188,Optional,"Array, Math, Geometry, Matrix",https://leetcode.com/problems/print-words-vertically,Easy
1189,Optional,Dynamic Programming,https://leetcode.com/problems/minimum-flips-to-make-a-or-b-equal-to-c,Hard
1190,Optional,"Array, Depth-First Search, Breadth-First Search, Union Find, Matrix",https://leetcode.com/problems/special-positions-in-a-binary-matrix,Hard
1191,Optional,"Array, String, Simulation",https://leetcode.com/problems/closest-subsequence-sum,Medium
1192,Optional,Bit Manipulation,https://leetcode.com/problems/parse-lisp-expression,Medium
1193,Optional,"Array, Matrix",https://leetcode.com/problems/largest-color-value-in-a-directed-graph,Easy
1194,Optional,"Array, Two Pointers, Dynamic Programming, Bit Manipulation, Bitmask",https://leetcode.com/problems/minimize-the-difference-between-target-and-chosen-elements,Hard
1195,Optional,"Hash Table, String, Stack, Recursion",https://leetcode.com/problems/truncate-sentence,Hard
1196,Optional,"Hash Table, Dynamic Programming, Graph, Topological Sort, Memoization, Counting",https://leetcode.com/problems/minimum-speed-to-arrive-on-time,Hard
1197,Optional,"Array, Dynamic Programming, Matrix",https://leetcode.com/problems/unique-length-3-palindromic-subsequences,Medium
1198,Optional,"Array, String",https://leetcode.com/problems/minimum-operations-to-make-the-array-k-increasing,Easy
1199,Optional,"Array, Binary Search",https://leetcode.com/problems/random-point-in-non-overlapping-rectangles,Medium
1200,Optional,"Hash Table, String, Prefix Sum",https://leetcode.com/problems/numbers-with-repeated-digits,Medium
1201,Optional,"Array, Binary Search",https://leetcode.com/problems/minimum-numbers-of-function-calls-to-make-target-array,Hard
1202,Optional,"Math, Binary Search, Reservoir Sampling, Prefix Sum, Ordered Set, Randomized",https://leetcode.com/problems/minimum-swaps-to-arrange-a-binary-grid,Medium
1203,Optional,"Math, Dynamic Programming",https://leetcode.com/problems/last-day-where-you-can-still-cross,Hard
1204,Optional,"Array, Greedy",https://leetcode.com/problems/minimum-cost-to-reach-destination-in-time,Medium
1205,Optional,"Array, Greedy, Matrix",https://leetcode.com/problems/find-unique-binary-string,Medium
1206,Optional,"Array, Binary Search, Depth-First Search, Breadth-First Search, Union Find, Matrix",https://leetcode.com/problems/construct-the-rectangle,Hard
1207,Optional,"Dynamic Programming, Graph",https://leetcode.com/problems/minimum-adjacent-swaps-for-k-consecutive-ones,Hard
1208,Optional,"Array, String, Backtracking",https://leetcode.com/problems/count-good-triplets,Medium
1209,Optional,Math,https://leetcode.com/problems/valid-tic-tac-toe-state,Easy
1210,Optional,"Array, Greedy, Sliding Window, Prefix Sum",https://leetcode.com/problems/projection-area-of-3d-shapes,Hard
1211,Optional,"Array, Enumeration",https://leetcode.com/problems/grid-illumination,Easy
1212,Optional,"Array, String",https://leetcode.com/problems/minimum-operations-to-make-a-subsequence,Medium
1213,Optional,"Array, Math, Geometry, Matrix",https://leetcode.com/problems/the-k-strongest-values-in-an-array,Easy
1214,Optional,"Array, Hash Table",https://leetcode.com/problems/find-center-of-star-graph,Hard
1215,Optional,"Array, Hash Table, Binary Search, Greedy",https://leetcode.com/problems/design-front-middle-back-queue,Hard
1216,Optional,"Array, Two Pointers, Sorting",https://leetcode.com/problems/maximum-compatibility-score-sum,Medium
1217,Optional,Graph,https://leetcode.com/problems/grid-game,Easy
1218,Optional,"Array, Linked List, Design, Queue, Data Stream",https://leetcode.com/problems/insufficient-nodes-in-root-to-leaf-paths,Medium
1219,Optional,"Array, Dynamic Programming, Backtracking, Bit Manipulation, Bitmask",https://leetcode.com/problems/sign-of-the-product-of-an-array,Medium
1220,Optional,"Array, Matrix, Prefix Sum",https://leetcode.com/problems/number-of-ways-to-reorder-array-to-get-same-bst,Medium
1221,Optional,"Tree, Depth-First Search, Binary Tree",https://leetcode.com/problems/defuse-the-bomb,Medium
1222,Optional,"Array, Math",https://leetcode.com/problems/tuple-with-same-product,Easy
1223,Optional,"Array, Math, Divide and Conquer, Dynamic Programming, Tree, Union Find, Binary Search Tree, Memoization, Combinatorics, Binary Tree",https://leetcode.com/problems/minimum-changes-to-make-alternating-binary-string,Hard
1224,Optional,Array,https://leetcode.com/problems/reformat-the-string,Easy
1225,Optional,"Array, Hash Table",https://leetcode.com/problems/image-smoother,Medium
1226,Optional,String,https://leetcode.com/problems/mirror-reflection,Easy
1227,Optional,String,https://leetcode.com/problems/largest-multiple-of-three,Easy
1228,Optional,"Array, Matrix",https://leetcode.com/problems/replace-all-s-to-avoid-consecutive-repeating-characters,Easy
1229,Optional,"Math, Geometry",https://leetcode.com/problems/find-original-array-from-doubled-array,Medium
1230,Optional,"Array, Dynamic Programming, Greedy",https://leetcode.com/problems/number-of-lines-to-write-string,Hard
1231,Optional,String,https://leetcode.com/problems/design-skiplist,Easy
1232,Optional,"Array, Hash Table, Greedy, Sorting",https://leetcode.com/problems/frog-position-after-t-seconds,Medium
1233,Optional,"Array, String",https://leetcode.com/problems/maximum-xor-with-an-element-from-array,Easy
1234,Optional,"Linked List, Design",https://leetcode.com/problems/check-if-all-1s-are-at-least-length-k-places-away,Hard
1235,Optional,"Tree, Depth-First Search, Breadth-First Search, Graph",https://leetcode.com/problems/longest-uncommon-subsequence-ii,Hard
1236,Optional,"Array, Bit Manipulation, Trie",https://leetcode.com/problems/count-nice-pairs-in-an-array,Hard
1237,Optional,Array,https://leetcode.com/problems/mini-parser,Easy
1238,Optional,"Array, Hash Table, Two Pointers, String, Sorting",https://leetcode.com/problems/solve-the-equation,Medium
1239,Optional,"Array, Hash Table, Math, Counting",https://leetcode.com/problems/step-by-step-directions-from-a-binary-tree-node-to-another,Medium
1240,Optional,"String, Stack, Depth-First Search",https://leetcode.com/problems/utf-8-validation,Medium
1241,Optional,"Math, String, Simulation",https://leetcode.com/problems/number-of-nodes-in-the-sub-tree-with-the-same-label,Medium
1242,Optional,"String, Tree, Depth-First Search, Binary Tree",https://leetcode.com/problems/construct-the-lexicographically-largest-valid-sequence,Medium
1243,Optional,"Array, Bit Manipulation",https://leetcode.com/problems/remove-one-element-to-make-the-array-strictly-increasing,Medium
1244,Optional,"Tree, Depth-First Search, Breadth-First Search",https://leetcode.com/problems/generate-random-point-in-a-circle,Medium
1245,Optional,"Array, Backtracking",https://leetcode.com/problems/brace-expansion-ii,Medium
1246,Optional,Array,https://leetcode.com/problems/minimum-adjacent-swaps-to-reach-the-kth-smallest-number,Easy
1247,Optional,"Math, Geometry, Rejection Sampling, Randomized",https://leetcode.com/problems/maximum-score-from-removing-substrings,Medium
1248,Optional,"String, Backtracking, Stack, Breadth-First Search",https://leetcode.com/problems/minimum-xor-sum-of-two-arrays,Hard
1249,Optional,"Two Pointers, String, Greedy",https://leetcode.com/problems/closest-dessert-cost,Medium
1250,Optional,"String, Stack, Greedy",https://leetcode.com/problems/longest-substring-of-all-vowels-in-order,Medium
1251,Optional,"Array, Dynamic Programming, Bit Manipulation, Bitmask",https://leetcode.com/problems/maximum-equal-frequency,Hard
1252,Optional,"Array, Dynamic Programming, Backtracking",https://leetcode.com/problems/count-number-of-homogenous-substrings,Medium
1253,Optional,"String, Sliding Window",https://leetcode.com/problems/determine-color-of-a-chessboard-square,Medium
1254,Optional,"Array, Hash Table",https://leetcode.com/problems/coloring-a-border,Hard
1255,Optional,"Math, String",https://leetcode.com/problems/the-number-of-the-smallest-unoccupied-chair,Medium
1256,Optional,"Math, String",https://leetcode.com/problems/vowel-spellchecker,Easy
1257,Optional,"Array, Depth-First Search, Breadth-First Search, Matrix",https://leetcode.com/problems/largest-substring-between-two-equal-characters,Medium
1258,Optional,"Array, Heap (Priority Queue), Ordered Set",https://leetcode.com/problems/minimum-total-space-wasted-with-k-resizing-operations,Medium
1259,Optional,"Array, Hash Table, String",https://leetcode.com/problems/delete-the-middle-node-of-a-linked-list,Medium
1260,Optional,"Hash Table, String",https://leetcode.com/problems/airplane-seat-assignment-probability,Easy
1261,Optional,"Array, Dynamic Programming",https://leetcode.com/problems/minimum-number-of-days-to-disconnect-island,Medium
1262,Optional,"Linked List, Two Pointers",https://leetcode.com/problems/intervals-between-identical-elements,Medium
1263,Optional,"Math, Dynamic Programming, Brainteaser, Probability and Statistics",https://leetcode.com/problems/minimum-absolute-difference-queries,Medium
1264,Optional,"Array, Depth-First Search, Breadth-First Search, Matrix, Strongly Connected Component",https://leetcode.com/problems/maximum-repeating-substring,Hard
1265,Optional,"Array, Hash Table, Prefix Sum",https://leetcode.com/problems/maximum-binary-tree-ii,Medium
1266,Optional,"Array, Hash Table",https://leetcode.com/problems/maximum-ascending-subarray-sum,Medium
1267,Optional,"String, String Matching",https://leetcode.com/problems/zuma-game,Easy
1268,Optional,"Tree, Binary Tree",https://leetcode.com/problems/maximum-product-of-the-length-of-two-palindromic-subsequences,Medium
1269,Optional,Array,https://leetcode.com/problems/smallest-rotation-with-highest-score,Easy
1270,Optional,"String, Dynamic Programming, Breadth-First Search, Memoization",https://leetcode.com/problems/delete-columns-to-make-sorted,Hard
1271,Optional,"String, Dynamic Programming, Backtracking, Bit Manipulation, Bitmask",https://leetcode.com/problems/restore-the-array,Medium
1272,Optional,"Array, Prefix Sum",https://leetcode.com/problems/maximize-score-after-n-operations,Hard
1273,Optional,"Array, String",https://leetcode.com/problems/subrectangle-queries,Easy
1274,Optional,"String, Dynamic Programming",https://leetcode.com/problems/minimum-initial-energy-to-finish-tasks,Hard
1275,Optional,"Array, Math, Dynamic Programming, Backtracking, Bit Manipulation, Number Theory, Bitmask",https://leetcode.com/problems/count-number-of-pairs-with-absolute-difference-k,Hard
1276,Optional,"Array, Design, Matrix",https://leetcode.com/problems/maximum-number-of-balls-in-a-box,Medium
1277,Optional,"Array, Greedy, Sorting",https://leetcode.com/problems/find-the-longest-valid-obstacle-course-at-each-position,Hard
1278,Optional,Array,https://leetcode.com/problems/find-positive-integer-solution-for-a-given-equation,Easy
1279,Optional,"Hash Table, Math, Counting",https://leetcode.com/problems/maximum-number-of-visible-points,Easy
1280,Optional,"Array, Binary Search, Binary Indexed Tree",https://leetcode.com/problems/stone-game-v,Hard
1281,Optional,"Math, Two Pointers, Binary Search, Interactive",https://leetcode.com/problems/check-if-string-is-transformable-with-substring-sort-operations,Medium
1282,Optional,"Array, Math, Geometry, Sliding Window, Sorting",https://leetcode.com/problems/concatenation-of-consecutive-binary-numbers,Hard
1283,Optional,"Array, Math, Dynamic Programming, Game Theory",https://leetcode.com/problems/convert-to-base-2,Hard
1284,Optional,"String, Greedy, Sorting",https://leetcode.com/problems/count-all-possible-routes,Hard
1285,Optional,"Math, Bit Manipulation, Simulation",https://leetcode.com/problems/three-consecutive-odds,Medium
1286,Optional,Math,https://leetcode.com/problems/finding-the-users-active-minutes,Medium
1287,Optional,"Array, Dynamic Programming, Memoization",https://leetcode.com/problems/minimum-interval-to-include-each-query,Hard
1288,Optional,Array,https://leetcode.com/problems/replace-all-digits-with-characters,Easy
1289,Optional,"Array, Hash Table",https://leetcode.com/problems/count-number-of-special-subsequences,Medium
1290,Optional,"Array, Binary Search, Line Sweep, Sorting, Heap (Priority Queue)",https://leetcode.com/problems/reverse-subarray-to-maximize-array-value,Hard
1291,Optional,String,https://leetcode.com/problems/minimum-subsequence-in-non-increasing-order,Easy
1292,Optional,"Array, Dynamic Programming",https://leetcode.com/problems/maximize-palindrome-length-from-subsequences,Hard
1293,Optional,"Array, Math, Greedy",https://leetcode.com/problems/height-checker,Hard
1294,Optional,"Array, Greedy, Sorting",https://leetcode.com/problems/find-all-people-with-secret,Easy
1295,Optional,"String, Dynamic Programming",https://leetcode.com/problems/maximum-xor-for-each-query,Hard
1296,Optional,"Array, Sorting, Counting Sort",https://leetcode.com/problems/maximum-number-of-weeks-for-which-you-can-work,Easy
1297,Optional,"Depth-First Search, Breadth-First Search, Union Find, Graph, Sorting",https://leetcode.com/problems/kth-smallest-instructions,Hard
1298,Optional,"Array, Bit Manipulation, Prefix Sum",https://leetcode.com/problems/largest-triangle-area,Medium
1299,Optional,"Array, Greedy",https://leetcode.com/problems/maximum-product-difference-between-two-pairs,Medium
1300,Optional,"Array, Math, Dynamic Programming, Combinatorics",https://leetcode.com/problems/nearest-exit-from-entrance-in-maze,Hard
1301,Optional,"Array, Math, Geometry",https://leetcode.com/problems/dinner-plate-stacks,Easy
1302,Optional,"Array, Sorting",https://leetcode.com/problems/check-if-one-string-swap-can-make-strings-equal,Easy
1303,Optional,"Array, Breadth-First Search, Matrix",https://leetcode.com/problems/last-moment-before-all-ants-fall-out-of-a-plank,Medium
1304,Optional,"Hash Table, Stack, Design, Heap (Priority Queue)",https://leetcode.com/problems/occurrences-after-bigram,Hard
1305,Optional,"Hash Table, String, Counting",https://leetcode.com/problems/number-of-unique-good-subsequences,Easy
1306,Optional,"Array, Brainteaser, Simulation",https://leetcode.com/problems/queries-on-a-permutation-with-key,Medium
1307,Optional,String,https://leetcode.com/problems/prime-palindrome,Easy
1308,Optional,"String, Dynamic Programming",https://leetcode.com/problems/making-file-names-unique,Hard
1309,Optional,"Array, Binary Indexed Tree, Simulation",https://leetcode.com/problems/largest-merge-of-two-strings,Medium
1310,Optional,Math,https://leetcode.com/problems/maximize-the-confusion-of-an-exam,Medium
1311,Optional,"Array, Hash Table, String",https://leetcode.com/problems/relative-ranks,Medium
1312,Optional,"Two Pointers, String, Greedy",https://leetcode.com/problems/thousand-separator,Medium
1313,Optional,"String, Binary Search, Sliding Window, Prefix Sum",https://leetcode.com/problems/super-palindromes,Medium
1314,Optional,"Array, Sorting, Heap (Priority Queue)",https://leetcode.com/problems/reconstruct-a-2-row-binary-matrix,Easy
1315,Optional,String,https://leetcode.com/problems/minimum-cost-to-connect-two-groups-of-points,Easy
1316,Optional,"Math, Enumeration",https://leetcode.com/problems/get-maximum-in-generated-array,Hard
1317,Optional,"Array, Greedy, Matrix",https://leetcode.com/problems/largest-odd-number-in-string,Medium
1318,Optional,"Array, Dynamic Programming, Bit Manipulation, Matrix, Bitmask",https://leetcode.com/problems/average-waiting-time,Hard
1319,Optional,"Array, Dynamic Programming, Simulation",https://leetcode.com/problems/minimum-number-of-operations-to-make-array-continuous,Easy
1320,Optional,"Math, String, Greedy",https://leetcode.com/problems/partition-array-into-two-arrays-to-minimize-sum-difference,Easy
1321,Optional,"Array, Simulation",https://leetcode.com/problems/sum-of-subarray-ranges,Medium
1322,Optional,"Array, Binary Search",https://leetcode.com/problems/two-best-non-overlapping-events,Hard
1323,Optional,"Array, Two Pointers, Binary Search, Dynamic Programming, Bit Manipulation, Ordered Set, Bitmask",https://leetcode.com/problems/closest-room,Hard
1324,Optional,"Array, Stack, Monotonic Stack",https://leetcode.com/problems/minimum-operations-to-convert-number,Medium
1325,Optional,"Array, Binary Search, Dynamic Programming, Sorting, Heap (Priority Queue)",https://leetcode.com/problems/graph-connectivity-with-threshold,Medium
1326,Optional,"Array, Binary Search, Sorting",https://leetcode.com/problems/first-day-where-you-have-been-in-all-the-rooms,Hard
1327,Optional,"Array, Breadth-First Search",https://leetcode.com/problems/number-of-rectangles-that-can-form-the-largest-square,Medium
1328,Optional,"Array, Math, Union Find",https://leetcode.com/problems/random-pick-with-weight,Hard
1329,Optional,"Array, Dynamic Programming",https://leetcode.com/problems/check-if-word-equals-summation-of-two-words,Medium
1330,Optional,Array,https://leetcode.com/problems/fraction-addition-and-subtraction,Easy
1331,Optional,"Math, Binary Search, Prefix Sum, Randomized",https://leetcode.com/problems/number-of-paths-with-max-score,Medium
1332,Optional,String,https://leetcode.com/problems/verbal-arithmetic-puzzle,Easy
1333,Optional,"Math, String, Simulation",https://leetcode.com/problems/minimum-possible-integer-after-at-most-k-adjacent-swaps-on-digits,Medium
1334,Optional,"Array, Dynamic Programming, Matrix",https://leetcode.com/problems/number-of-sets-of-k-non-overlapping-line-segments,Hard
1335,Optional,"Array, Math, String, Backtracking",https://leetcode.com/problems/strange-printer-ii,Hard
1336,Optional,"String, Greedy, Binary Indexed Tree, Segment Tree",https://leetcode.com/problems/find-the-kth-largest-integer-in-the-array,Hard
1337,Optional,"Math, Dynamic Programming",https://leetcode.com/problems/shortest-completing-word,Medium
1338,Optional,"Array, Graph, Topological Sort, Matrix",https://leetcode.com/problems/count-odd-numbers-in-an-interval-range,Hard
1339,Optional,"Array, String, Divide and Conquer, Sorting, Heap (Priority Queue), Quickselect",https://leetcode.com/problems/circular-array-loop,Medium
1340,Optional,"Array, Hash Table, String",https://leetcode.com/problems/maximum-ice-cream-bars,Easy
1341,Optional,Math,https://leetcode.com/problems/reduction-operations-to-make-the-array-elements-equal,Easy
1342,Optional,"Array, Hash Table, Two Pointers",https://leetcode.com/problems/count-the-repetitions,Medium
1343,Optional,"Array, Greedy, Sorting",https://leetcode.com/problems/transform-to-chessboard,Medium
1344,Optional,"Array, Sorting",https://leetcode.com/problems/moving-stones-until-consecutive-ii,Medium
1345,Optional,"String, Dynamic Programming",https://leetcode.com/problems/maximum-binary-string-after-change,Hard
1346,Optional,"Array, Math, Bit Manipulation, Matrix",https://leetcode.com/problems/final-value-of-variable-after-performing-operations,Hard
1347,Optional,"Array, Math, Two Pointers, Sorting",https://leetcode.com/problems/minimum-area-rectangle-ii,Medium
1348,Optional,"String, Greedy",https://leetcode.com/problems/generate-a-string-with-characters-that-have-odd-counts,Medium
1349,Optional,"Array, String, Simulation",https://leetcode.com/problems/random-flip-matrix,Easy
1350,Optional,"Array, Math, Geometry",https://leetcode.com/problems/preimage-size-of-factorial-zeroes-function,Medium
1351,Optional,String,https://leetcode.com/problems/eliminate-maximum-number-of-monsters,Easy
1352,Optional,"Hash Table, Math, Reservoir Sampling, Randomized",https://leetcode.com/problems/find-target-indices-after-sorting-array,Medium
1353,Optional,"Math, Binary Search",https://leetcode.com/problems/sum-game,Hard
1354,Optional,"Array, Greedy, Sorting",https://leetcode.com/problems/number-of-different-integers-in-a-string,Medium
1355,Optional,"Array, Binary Search, Sorting",https://leetcode.com/problems/range-frequency-queries,Easy
1356,Optional,"Math, Greedy, Game Theory",https://leetcode.com/problems/sum-of-beauty-of-all-substrings,Medium
1357,Optional,"Hash Table, String",https://leetcode.com/problems/count-nodes-with-the-highest-score,Easy
1358,Optional,"Array, Hash Table, Binary Search, Design, Segment Tree",https://leetcode.com/problems/splitting-a-string-into-descending-consecutive-values,Medium
1359,Optional,"Hash Table, String, Counting",https://leetcode.com/problems/largest-values-from-labels,Medium
1360,Optional,"Array, Tree, Depth-First Search, Binary Tree",https://leetcode.com/problems/can-convert-string-in-k-moves,Medium
1361,Optional,"String, Backtracking",https://leetcode.com/problems/find-the-distance-value-between-two-arrays,Medium
1362,Optional,"Array, Hash Table, Greedy, Sorting, Counting",https://leetcode.com/problems/sum-of-floored-pairs,Medium
1363,Optional,"Hash Table, String",https://leetcode.com/problems/painting-a-grid-with-three-different-colors,Medium
1364,Optional,"Array, Two Pointers, Binary Search, Sorting",https://leetcode.com/problems/find-all-possible-recipes-from-given-supplies,Easy
1365,Optional,"Array, Math, Binary Search, Prefix Sum",https://leetcode.com/problems/second-minimum-time-to-reach-destination,Hard
1366,Optional,Dynamic Programming,https://leetcode.com/problems/minimized-maximum-of-products-distributed-to-any-store,Hard
1367,Optional,"Array, Hash Table, String, Graph, Topological Sort",https://leetcode.com/problems/find-servers-that-handled-most-number-of-requests,Medium
1368,Optional,"Breadth-First Search, Graph, Shortest Path",https://leetcode.com/problems/minimum-one-bit-operations-to-make-integers-zero,Hard
1369,Optional,"Array, Binary Search",https://leetcode.com/problems/count-subtrees-with-max-distance-between-cities,Medium
1370,Optional,"Array, Greedy, Heap (Priority Queue), Ordered Set",https://leetcode.com/problems/teemo-attacking,Hard
1371,Optional,"Dynamic Programming, Bit Manipulation, Memoization",https://leetcode.com/problems/find-xor-sum-of-all-pairs-bitwise-and,Hard
1372,Optional,"Dynamic Programming, Bit Manipulation, Tree, Enumeration, Bitmask",https://leetcode.com/problems/maximum-employees-to-be-invited-to-a-meeting,Hard
1373,Optional,"Array, Simulation",https://leetcode.com/problems/maximum-nesting-depth-of-two-valid-parentheses-strings,Easy
1374,Optional,"Array, Math, Bit Manipulation",https://leetcode.com/problems/find-the-middle-index-in-array,Hard
1375,Optional,,https://leetcode.com/problems/plates-between-candles,Hard
1376,Optional,"String, Stack",https://leetcode.com/problems/find-kth-largest-xor-coordinate-value,Medium
1377,Optional,"Array, Prefix Sum",https://leetcode.com/problems/count-good-numbers,Easy
1378,Optional,"Array, String, Binary Search, Prefix Sum",https://leetcode.com/problems/invalid-transactions,Medium
1379,Optional,"Array, Divide and Conquer, Bit Manipulation, Heap (Priority Queue), Matrix, Prefix Sum, Quickselect",https://leetcode.com/problems/minimum-time-to-type-word-using-special-typewriter,Medium
1380,Optional,"Math, Recursion",https://leetcode.com/problems/evaluate-the-bracket-pairs-of-a-string,Medium
1381,Optional,"Array, Hash Table, String, Sorting",https://leetcode.com/problems/find-all-groups-of-farmland,Medium
1382,Optional,"String, Greedy",https://leetcode.com/problems/find-all-good-strings,Easy
1383,Optional,"Array, Hash Table, String",https://leetcode.com/problems/smallest-good-base,Medium
1384,Optional,"Array, Depth-First Search, Breadth-First Search, Matrix",https://leetcode.com/problems/decrease-elements-to-make-array-zigzag,Medium
1385,Optional,"String, Dynamic Programming, String Matching",https://leetcode.com/problems/find-a-value-of-a-mysterious-function-closest-to-target,Hard
1386,Optional,"Math, Binary Search",https://leetcode.com/problems/finding-pairs-with-a-certain-sum,Hard
1387,Optional,"Array, Greedy",https://leetcode.com/problems/least-operators-to-express-number,Medium
1388,Optional,"Array, Binary Search, Bit Manipulation, Segment Tree",https://leetcode.com/problems/minimum-number-of-swaps-to-make-the-binary-string-alternating,Hard
1389,Optional,"Array, Hash Table, Design",https://leetcode.com/problems/merge-triplets-to-form-target-triplet,Medium
1390,Optional,"Math, Dynamic Programming",https://leetcode.com/problems/vowels-of-all-substrings,Hard
1391,Optional,"String, Greedy",https://leetcode.com/problems/ambiguous-coordinates,Medium
1392,Optional,"Array, Greedy",https://leetcode.com/problems/describe-the-painting,Medium
1393,Optional,"Math, String, Dynamic Programming, Combinatorics",https://leetcode.com/problems/count-pairs-with-xor-in-a-range,Medium
1394,Optional,"String, Backtracking",https://leetcode.com/problems/count-vowel-substrings-of-a-string,Medium
1395,Optional,"Array, Prefix Sum",https://leetcode.com/problems/optimal-division,Medium
1396,Optional,"Array, Bit Manipulation, Trie",https://leetcode.com/problems/find-greatest-common-divisor-of-array,Hard
1397,Optional,"Hash Table, String",https://leetcode.com/problems/sum-of-digits-in-base-k,Easy
1398,Optional,"Array, Math, Dynamic Programming",https://leetcode.com/problems/stock-price-fluctuation,Medium
1399,Optional,"Array, Math",https://leetcode.com/problems/count-largest-group,Easy
1400,Optional,Math,https://leetcode.com/problems/longer-contiguous-segments-of-ones-than-zeros,Easy
1401,Optional,"Hash Table, Design, Heap (Priority Queue), Data Stream, Ordered Set",https://leetcode.com/problems/soup-servings,Medium
1402,Optional,"Hash Table, Math",https://leetcode.com/problems/check-if-all-characters-have-equal-number-of-occurrences,Easy
1403,Optional,String,https://leetcode.com/problems/convert-integer-to-the-sum-of-two-no-zero-integers,Easy
1404,Optional,"Math, Dynamic Programming, Probability and Statistics",https://leetcode.com/problems/make-the-xor-of-all-segments-equal-to-zero,Medium
1405,Optional,"Hash Table, String, Counting",https://leetcode.com/problems/stone-game-viii,Easy
1406,Optional,Math,https://leetcode.com/problems/process-restricted-friend-requests,Easy
1407,Optional,"Array, Dynamic Programming, Bit Manipulation",https://leetcode.com/problems/self-crossing,Hard
1408,Optional,"Array, Math, Dynamic Programming, Prefix Sum, Game Theory",https://leetcode.com/problems/minimum-length-of-string-after-deleting-similar-ends,Hard
1409,Optional,"Union Find, Graph",https://leetcode.com/problems/longest-common-subpath,Hard
1410,Optional,"Array, Math, Geometry",https://leetcode.com/problems/remove-stones-to-minimize-the-total,Hard
1411,Optional,"Two Pointers, String",https://leetcode.com/problems/minimum-operations-to-make-a-uni-value-grid,Medium
1412,Optional,"Array, Binary Search, Rolling Hash, Suffix Array, Hash Function",https://leetcode.com/problems/parallel-courses-iii,Hard
1413,Optional,"Array, Heap (Priority Queue)",https://leetcode.com/problems/maximum-matrix-sum,Medium
1414,Optional,"Array, Math, Sorting, Matrix",https://leetcode.com/problems/smallest-missing-genetic-value-in-each-subtree,Medium
1415,Optional,"Dynamic Programming, Graph, Topological Sort",https://leetcode.com/problems/sum-of-beauty-in-the-array,Hard
1416,Optional,"Array, Greedy, Matrix",https://leetcode.com/problems/mean-of-array-after-removing-some-elements,Medium
1417,Optional,"Dynamic Programming, Tree, Depth-First Search, Union Find",https://leetcode.com/problems/maximum-building-height,Hard
1418,Optional,Array,https://leetcode.com/problems/magic-squares-in-grid,Medium
1419,Optional,"Array, Sorting",https://leetcode.com/problems/rearrange-spaces-between-words,Easy
1420,Optional,"Array, Math",https://leetcode.com/problems/most-beautiful-item-for-each-query,Hard
1421,Optional,"Array, Math, Matrix",https://leetcode.com/problems/fancy-sequence,Medium
1422,Optional,String,https://leetcode.com/problems/seat-reservation-manager,Easy
1423,Optional,"Array, Binary Search, Sorting",https://leetcode.com/problems/student-attendance-record-i,Medium
1424,Optional,"Math, Design, Segment Tree",https://leetcode.com/problems/binary-string-with-substrings-representing-1-to-n,Hard
1425,Optional,"Design, Heap (Priority Queue)",https://leetcode.com/problems/number-of-different-subsequences-gcds,Medium
1426,Optional,String,https://leetcode.com/problems/redistribute-characters-to-make-all-strings-equal,Easy
1427,Optional,String,https://leetcode.com/problems/watering-plants,Medium
1428,Optional,"Array, Math, Counting, Number Theory",https://leetcode.com/problems/maximum-number-of-ways-to-partition-an-array,Hard
1429,Optional,"Hash Table, String, Counting",https://leetcode.com/problems/two-furthest-houses-with-different-colors,Easy
1430,Optional,Array,https://leetcode.com/problems/prime-arrangements,Medium
1431,Optional,"Array, Hash Table, Counting, Enumeration, Prefix Sum",https://leetcode.com/problems/find-nearest-point-that-has-the-same-x-or-y-coordinate,Hard
1432,Optional,"Array, Greedy",https://leetcode.com/problems/count-ways-to-build-rooms-in-an-ant-colony,Easy
1433,Optional,Math,https://leetcode.com/problems/number-of-smooth-descent-periods-of-a-stock,Easy
1434,Optional,Array,https://leetcode.com/problems/people-whose-list-of-favorite-companies-is-not-a-subset-of-another-list,Easy
1435,Optional,"Math, Dynamic Programming, Tree, Graph, Topological Sort, Combinatorics",https://leetcode.com/problems/minimum-number-of-buckets-required-to-collect-rainwater-from-houses,Hard
1436,Optional,"Array, Math, Dynamic Programming",https://leetcode.com/problems/minimum-space-wasted-from-packaging,Medium
1437,Optional,"Array, Hash Table, String",https://leetcode.com/problems/powerful-integers,Medium
1438,Optional,"String, Dynamic Programming, Greedy",https://leetcode.com/problems/maximum-difference-between-increasing-elements,Medium
1439,Optional,"Array, Binary Search, Sorting, Prefix Sum",https://leetcode.com/problems/day-of-the-year,Hard
1440,Optional,"Hash Table, Math",https://leetcode.com/problems/circular-permutation-in-binary-representation,Medium
1441,Optional,Array,https://leetcode.com/problems/gcd-sort-of-an-array,Easy
1442,Optional,"Math, String",https://leetcode.com/problems/find-subsequence-of-length-k-with-the-largest-sum,Easy
1443,Optional,"Math, Backtracking, Bit Manipulation",https://leetcode.com/problems/number-of-ways-where-square-of-number-is-equal-to-product-of-two-numbers,Medium
1444,Optional,"Array, Math, Union Find, Sorting",https://leetcode.com/problems/circle-and-rectangle-overlapping,Hard
1445,Optional,"Array, Hash Table, Sorting, Heap (Priority Queue)",https://leetcode.com/problems/delivering-boxes-from-storage-to-ports,Easy
1446,Optional,"Array, Hash Table, Math, Two Pointers",https://leetcode.com/problems/maximum-number-of-words-you-can-type,Medium
1447,Optional,"Math, Geometry",https://leetcode.com/problems/array-with-elements-not-equal-to-average-of-neighbors,Medium
1448,Optional,"Array, Dynamic Programming, Segment Tree, Queue, Heap (Priority Queue), Monotonic Queue",https://leetcode.com/problems/triples-with-bitwise-and-equal-to-zero,Hard
1449,Optional,"Hash Table, String",https://leetcode.com/problems/number-of-ways-to-form-a-target-string-given-a-dictionary,Easy
1450,Optional,"Array, Greedy, Sorting",https://leetcode.com/problems/check-if-all-the-integers-in-a-range-are-covered,Medium
1451,Optional,"Array, Hash Table, Bit Manipulation",https://leetcode.com/problems/time-needed-to-buy-tickets,Hard
1452,Optional,"Array, String, Dynamic Programming",https://leetcode.com/problems/check-if-a-parentheses-string-can-be-valid,Hard
1453,Optional,"Array, Hash Table, Prefix Sum",https://leetcode.com/problems/day-of-the-week,Easy
1454,Optional,"Array, Queue, Simulation",https://leetcode.com/problems/simplified-fractions,Easy
1455,Optional,"String, Stack, Greedy",https://leetcode.com/problems/reverse-prefix-of-word,Medium
1456,Optional,Math,https://leetcode.com/problems/valid-boomerang,Easy
1457,Optional,Math,https://leetcode.com/problems/check-if-it-is-a-good-array,Medium
1458,Optional,"Two Pointers, String",https://leetcode.com/problems/tree-of-coprimes,Easy
1459,Optional,"Math, Geometry",https://leetcode.com/problems/lexicographically-smallest-string-after-applying-operations,Easy
1460,Optional,"Array, Math, Number Theory",https://leetcode.com/problems/maximum-number-of-achievable-transfer-requests,Hard
1461,Optional,"Math, Tree, Depth-First Search, Breadth-First Search",https://leetcode.com/problems/reformat-date,Hard
1462,Optional,"String, Breadth-First Search",https://leetcode.com/problems/second-largest-digit-in-a-string,Medium
1463,Optional,"Bit Manipulation, Enumeration",https://leetcode.com/problems/change-minimum-characters-to-satisfy-one-of-three-conditions,Hard
1464,Optional,String,https://leetcode.com/problems/maximum-value-after-insertion,Easy
1465,Optional,"Hash Table, String",https://leetcode.com/problems/minimum-difference-between-highest-and-lowest-of-k-scores,Easy
1466,Optional,"Hash Table, String, Counting, Prefix Sum",https://leetcode.com/problems/maximum-fruits-harvested-after-at-most-k-steps,Medium
1467,Optional,"String, Greedy",https://leetcode.com/problems/contain-virus,Medium
1468,Optional,"Array, Sorting",https://leetcode.com/problems/adding-two-negabinary-numbers,Easy
1469,Optional,"Array, Binary Search, Sliding Window, Prefix Sum",https://leetcode.com/problems/maximum-number-of-groups-getting-fresh-donuts,Hard
1470,Optional,"Array, Depth-First Search, Breadth-First Search, Matrix, Simulation",https://leetcode.com/problems/maximize-grid-happiness,Hard
1471,Optional,"Array, Math",https://leetcode.com/problems/maximum-genetic-difference-query,Medium
1472,Optional,"Array, Dynamic Programming, Bit Manipulation, Memoization, Bitmask",https://leetcode.com/problems/number-of-burgers-with-no-waste-of-ingredients,Hard
1473,Optional,"Dynamic Programming, Bit Manipulation, Memoization, Bitmask",https://leetcode.com/problems/removing-minimum-and-maximum-from-array,Hard
1474,Optional,"Array, Bit Manipulation, Trie",https://leetcode.com/problems/find-good-days-to-rob-the-bank,Hard
1475,Optional,Math,https://leetcode.com/problems/building-boxes,Medium
1476,Optional,"Array, Greedy",https://leetcode.com/problems/get-watched-videos-by-your-friends,Medium
1477,Optional,"Array, Dynamic Programming, Prefix Sum",https://leetcode.com/problems/filter-restaurants-by-vegan-friendly-price-and-distance,Medium
1478,Optional,"Math, Binary Search, Greedy",https://leetcode.com/problems/detonate-the-maximum-bombs,Hard
1479,Optional,"Array, Hash Table, Breadth-First Search, Sorting",https://leetcode.com/problems/sentence-similarity-iii,Medium
1480,Optional,"Array, Sorting",https://leetcode.com/problems/number-of-strings-that-appear-as-substrings-in-word,Medium
1481,Optional,"Array, Math, Depth-First Search, Breadth-First Search, Graph, Geometry",https://leetcode.com/problems/two-out-of-three,Medium
1482,Optional,"Array, Two Pointers, String",https://leetcode.com/problems/the-time-when-the-network-becomes-idle,Medium
1483,Optional,String,https://leetcode.com/problems/kth-smallest-product-of-two-sorted-arrays,Easy
1484,Optional,"Array, Hash Table",https://leetcode.com/problems/probability-of-a-two-boxes-having-the-same-number-of-distinct-balls,Easy
1485,Optional,"Array, Breadth-First Search, Graph",https://leetcode.com/problems/count-pairs-of-nodes,Medium
1486,Optional,"Array, Binary Search",https://leetcode.com/problems/minimum-cost-homecoming-of-a-robot-in-a-grid,Hard
1487,Optional,"Math, Dynamic Programming, Backtracking, Combinatorics, Probability and Statistics",https://leetcode.com/problems/valid-arrangement-of-pairs,Hard
1488,Optional,"Two Pointers, Binary Search, Graph",https://leetcode.com/problems/find-the-student-that-will-replace-the-chalk,Hard
1489,Optional,"Array, Greedy, Matrix",https://leetcode.com/problems/distribute-repeating-integers,Medium
1490,Optional,"Depth-First Search, Graph, Eulerian Circuit",https://leetcode.com/problems/minimum-number-of-operations-to-reinitialize-a-permutation,Hard
1491,Optional,"Array, Binary Search, Simulation, Prefix Sum",https://leetcode.com/problems/add-minimum-number-of-rungs,Medium
1492,Optional,"Array, Dynamic Programming, Backtracking, Bit Manipulation, Bitmask",https://leetcode.com/problems/minimum-moves-to-reach-target-with-rotations,Hard
1493,Optional,"Array, Math, Simulation",https://leetcode.com/problems/latest-time-by-replacing-hidden-digits,Medium
1494,Optional,"Array, Greedy",https://leetcode.com/problems/sum-of-digits-of-string-after-convert,Medium
1495,Optional,"Array, Breadth-First Search, Matrix",https://leetcode.com/problems/reformat-phone-number,Hard
1496,Optional,"String, Greedy",https://leetcode.com/problems/finding-mk-average,Easy
1497,Optional,"String, Simulation",https://leetcode.com/problems/merge-bsts-to-create-single-bst,Easy
1498,Optional,String,https://leetcode.com/problems/count-special-quadruplets,Easy
1499,Optional,"Design, Queue, Heap (Priority Queue), Ordered Set",https://leetcode.com/problems/number-of-pairs-of-interchangeable-rectangles,Hard
1500,Optional,"Hash Table, Binary Search, Tree, Depth-First Search, Binary Tree",https://leetcode.com/problems/number-of-pairs-of-strings-with-concatenation-equal-to-target,Hard
1501,Optional,"Array, Enumeration",https://leetcode.com/problems/four-divisors,Easy
1502,Optional,"Array, Hash Table, Math, Counting, Number Theory",https://leetcode.com/problems/most-visited-sector-in-a-circular-track,Medium
1503,Optional,"Array, String",https://leetcode.com/problems/form-array-by-concatenating-subarrays-of-another-array,Medium
1504,Optional,"Array, Math",https://leetcode.com/problems/minimum-skips-to-arrive-at-meeting-on-time,Medium
1505,Optional,"Array, Simulation",https://leetcode.com/problems/find-missing-observations,Easy
1506,Optional,"Array, Greedy, String Matching",https://leetcode.com/problems/maximum-path-quality-of-a-graph,Medium
1507,Optional,"Array, Dynamic Programming",https://leetcode.com/problems/three-divisors,Hard
1508,Optional,"Array, Math, Simulation",https://leetcode.com/problems/display-table-of-food-orders-in-a-restaurant,Medium
1509,Optional,"Array, Backtracking, Graph",https://leetcode.com/problems/minimum-garden-perimeter-to-collect-enough-apples,Hard
1510,Optional,Math,https://leetcode.com/problems/detect-squares,Easy
1511,Optional,"Array, Hash Table, String, Sorting, Ordered Set",https://leetcode.com/problems/number-of-ways-to-separate-numbers,Medium
1512,Optional,"Math, Binary Search",https://leetcode.com/problems/smallest-k-length-subsequence-with-occurrences-of-a-letter,Medium
1513,Optional,"Array, Hash Table, Design, Counting",https://leetcode.com/problems/the-number-of-good-subsets,Medium
1514,Optional,"String, Dynamic Programming, Suffix Array",https://leetcode.com/problems/find-the-minimum-and-maximum-number-of-nodes-between-critical-points,Hard
1515,Optional,"String, Stack, Greedy, Monotonic Stack",https://leetcode.com/problems/k-radius-subarray-averages,Hard
1516,Optional,"Array, Math, Dynamic Programming, Bit Manipulation, Bitmask",https://leetcode.com/problems/kth-distinct-string-in-an-array,Hard
1517,Optional,Linked List,https://leetcode.com/problems/design-an-ordered-stream,Medium
1518,Optional,"Array, Sliding Window",https://leetcode.com/problems/delete-characters-to-make-fancy-string,Medium
1519,Optional,"Array, Hash Table, String, Counting",https://leetcode.com/problems/largest-magic-square,Easy
1520,Optional,"Array, Hash Table, Design, Data Stream",https://leetcode.com/problems/operations-on-tree,Easy
1521,Optional,String,https://leetcode.com/problems/convert-1d-array-into-2d-array,Easy
1522,Optional,"Array, Matrix, Prefix Sum",https://leetcode.com/problems/minimum-number-of-moves-to-seat-everyone,Medium
1523,Optional,"Hash Table, Tree, Breadth-First Search, Design",https://leetcode.com/problems/magical-string,Medium
1524,Optional,"Array, Matrix, Simulation",https://leetcode.com/problems/clumsy-factorial,Easy
1525,Optional,"Array, Sorting",https://leetcode.com/problems/check-if-string-is-a-prefix-of-array,Easy
1526,Optional,"Two Pointers, String",https://leetcode.com/problems/previous-permutation-with-one-swap,Medium
1527,Optional,"Math, Stack, Simulation",https://leetcode.com/problems/maximum-number-of-tasks-you-can-assign,Medium
1528,Optional,"Array, String",https://leetcode.com/problems/rings-and-rods,Easy
1529,Optional,"Array, Greedy",https://leetcode.com/problems/maximum-candies-you-can-get-from-boxes,Medium
1530,Optional,"Array, Binary Search, Greedy, Queue, Sorting, Monotonic Queue",https://leetcode.com/problems/throne-inheritance,Hard
1531,Optional,"Hash Table, String",https://leetcode.com/problems/count-number-of-maximum-bitwise-or-subsets,Easy
1532,Optional,"Array, Breadth-First Search",https://leetcode.com/problems/number-of-days-between-two-dates,Hard
1533,Optional,"Hash Table, Tree, Depth-First Search, Design",https://leetcode.com/problems/closest-divisors,Medium
1534,Optional,"Array, Backtracking, Bit Manipulation",https://leetcode.com/problems/minimum-incompatibility,Medium
1535,Optional,"Math, String",https://leetcode.com/problems/maximum-element-after-decreasing-and-rearranging,Easy
1536,Optional,Math,https://leetcode.com/problems/find-array-given-subset-sums,Medium
1537,Optional,"Array, Dynamic Programming, Bit Manipulation, Bitmask",https://leetcode.com/problems/adding-spaces-to-a-string,Hard
1538,Optional,"Array, Greedy, Sorting",https://leetcode.com/problems/count-common-words-with-one-occurrence,Medium
1539,Optional,"Array, Divide and Conquer",https://leetcode.com/problems/best-position-for-a-service-centre,Hard
1540,Optional,"Array, String, Simulation",https://leetcode.com/problems/minimum-degree-of-a-connected-trio-in-a-graph,Medium
1541,Optional,"Array, Hash Table, String, Counting",https://leetcode.com/problems/remove-palindromic-subsequences,Easy
1542,Optional,"Math, Geometry, Randomized",https://leetcode.com/problems/the-earliest-and-latest-rounds-where-players-compete,Hard
1543,Optional,Graph,https://leetcode.com/problems/distinct-echo-substrings,Hard
1544,Optional,"Two Pointers, String",https://leetcode.com/problems/recover-the-original-array,Easy
1545,Optional,"Dynamic Programming, Memoization",https://leetcode.com/problems/remove-colored-pieces-if-both-neighbors-are-the-same-color,Hard
1546,Optional,"String, Dynamic Programming, Trie, Sliding Window, Rolling Hash, Hash Function",https://leetcode.com/problems/minimum-distance-to-the-target-element,Hard
1547,Optional,"Array, Hash Table, Sorting, Enumeration",https://leetcode.com/problems/check-if-numbers-are-ascending-in-a-sentence,Hard
1548,Optional,"Math, String, Greedy, Game Theory",https://leetcode.com/problems/minimum-moves-to-convert-string,Medium
1549,Optional,Array,https://leetcode.com/problems/count-unhappy-friends,Easy
1550,Optional,String,https://leetcode.com/problems/find-first-palindromic-string-in-the-array,Easy
1551,Optional,"String, Greedy",https://leetcode.com/problems/number-of-orders-in-the-backlog,Easy
1552,Optional,"Array, Simulation",https://leetcode.com/problems/cyclically-rotating-a-grid,Medium
1553,Optional,"Array, Two Pointers, String",https://leetcode.com/problems/execution-of-all-suffix-instructions-staying-in-a-grid,Easy
1554,Optional,"Array, Heap (Priority Queue), Simulation",https://leetcode.com/problems/check-if-binary-string-has-at-most-one-segment-of-ones,Medium
1555,Optional,"Array, Matrix, Simulation",https://leetcode.com/problems/alert-using-same-key-card-three-or-more-times-in-a-one-hour-period,Medium
1556,Optional,"String, Simulation",https://leetcode.com/problems/delete-duplicate-folders-in-system,Medium
1557,Optional,String,https://leetcode.com/problems/longest-subsequence-repeated-k-times,Easy
1558,Optional,"Array, Hash Table, String, Sorting",https://leetcode.com/problems/moving-stones-until-consecutive,Medium
1559,Optional,"Array, Hash Table, String, Trie, Hash Function",https://leetcode.com/problems/the-number-of-full-rounds-you-have-played,Hard
1560,Optional,"String, Backtracking, Greedy, Counting, Enumeration",https://leetcode.com/problems/widest-vertical-area-between-two-points-containing-no-points,Hard
1561,Optional,"Math, Brainteaser",https://leetcode.com/problems/minimum-cost-to-change-the-final-value-of-expression,Medium
1562,Optional,"Math, String",https://leetcode.com/problems/count-square-sum-triples,Medium
1563,Optional,"Array, Sorting",https://leetcode.com/problems/count-ways-to-make-array-with-product,Medium
1564,Optional,"Math, String, Dynamic Programming, Stack",https://leetcode.com/problems/finding-3-digit-even-numbers,Hard
1565,Optional,"Math, Enumeration",https://leetcode.com/problems/maximum-number-of-words-found-in-sentences,Easy
1566,Optional,"Array, Math, Dynamic Programming",https://leetcode.com/problems/cat-and-mouse-ii,Hard
1567,Optional,"Array, Hash Table, Sorting, Enumeration",https://leetcode.com/problems/cracking-the-safe,Easy
1568,Optional,"Array, String",https://leetcode.com/problems/max-difference-you-can-get-from-changing-an-integer,Easy
1569,Optional,"Math, Dynamic Programming, Breadth-First Search, Graph, Memoization, Game Theory",https://leetcode.com/problems/maximize-number-of-nice-divisors,Hard
1570,Optional,"Depth-First Search, Graph, Eulerian Circuit",https://leetcode.com/problems/minimum-elements-to-add-to-form-a-given-sum,Hard
1571,Optional,"Math, Greedy",https://leetcode.com/problems/count-fertile-pyramids-in-a-land,Medium
1572,Optional,"Math, Recursion",https://leetcode.com/problems/html-entity-parser,Hard
1573,Optional,"Array, Greedy",https://leetcode.com/problems/design-authentication-manager,Medium
1574,Optional,"Array, Dynamic Programming, Matrix",https://leetcode.com/problems/design-movie-rental-system,Hard
1575,Optional,"Hash Table, String",https://leetcode.com/problems/check-whether-two-strings-are-almost-equivalent,Medium
1576,Optional,"Hash Table, Design",https://leetcode.com/problems/tag-validator,Medium
1577,Optional,"Array, Hash Table, Design, Heap (Priority Queue), Ordered Set",https://leetcode.com/problems/logical-or-of-two-binary-grids-represented-as-quad-trees,Hard
1578,Optional,"Hash Table, String, Counting",https://leetcode.com/problems/print-binary-tree,Easy
1579,Optional,"String, Stack",https://leetcode.com/problems/largest-number-after-mutating-substring,Hard
1580,Optional,"Divide and Conquer, Tree",https://leetcode.com/problems/minimum-number-of-people-to-teach,Medium
1581,Optional,"Tree, Depth-First Search, Breadth-First Search, Binary Tree",https://leetcode.com/problems/get-biggest-three-rhombus-sums-in-a-grid,Medium
1582,Optional,"Array, String, Greedy",https://leetcode.com/problems/incremental-memory-leak,Medium
1583,Optional,"Array, Greedy",https://leetcode.com/problems/decode-the-slanted-ciphertext,Medium
1584,Optional,"Array, Math, Sorting, Heap (Priority Queue), Matrix, Prefix Sum",https://leetcode.com/problems/stone-game-ix,Medium
1585,Optional,Simulation,https://leetcode.com/problems/check-if-word-can-be-placed-in-crossword,Medium
1586,Optional,"String, Simulation",https://leetcode.com/problems/the-score-of-students-solving-math-expression,Medium
1587,Optional,"Array, Math, Greedy, Counting, Game Theory",https://leetcode.com/problems/a-number-after-a-double-reversal,Medium
1588,Optional,"Array, Matrix, Enumeration",https://leetcode.com/problems/largest-palindrome-product,Medium
1589,Optional,"Array, Math, String, Dynamic Programming, Stack, Memoization",https://leetcode.com/problems/chalkboard-xor-game,Hard
1590,Optional,Math,https://leetcode.com/problems/minimum-number-of-operations-to-make-string-sorted,Easy
1591,Optional,Math,https://leetcode.com/problems/masking-personal-information,Hard
1592,Optional,"Array, Math, Bit Manipulation, Brainteaser, Game Theory",https://leetcode.com/problems/basic-calculator-iv,Hard
1593,Optional,"Math, String, Combinatorics",https://leetcode.com/problems/reverse-nodes-in-even-length-groups,Hard
1594,Optional,String,https://leetcode.com/problems/maximum-number-of-darts-inside-of-a-circular-dartboard,Medium
1595,Optional,"Hash Table, Math, String, Stack, Recursion",https://leetcode.com/problems/apply-discount-every-n-orders,Hard
1596,Optional,Linked List,https://leetcode.com/problems/number-of-ways-to-reconstruct-a-tree,Medium
1597,Optional,"Array, Math, Geometry",https://leetcode.com/problems/check-if-an-original-string-exists-given-two-encoded-strings,Hard
1598,Optional,"Array, Hash Table, Design",https://leetcode.com/problems/maximum-product-of-the-length-of-two-palindromic-substrings,Medium
1599,Optional,"Tree, Graph, Topological Sort",https://leetcode.com/problems/card-flipping-game,Hard
1600,Optional,"String, Dynamic Programming",https://leetcode.com/problems/walking-robot-simulation-ii,Hard
1601,Optional,"String, Rolling Hash, Hash Function",https://leetcode.com/problems/destroying-asteroids,Hard
1602,Optional,"Array, Hash Table",https://leetcode.com/problems/number-of-laser-beams-in-a-bank,Medium
1603,Optional,"Design, Simulation",https://leetcode.com/problems/minimum-non-zero-product-of-the-array-elements,Medium
1604,Optional,,https://leetcode.com/problems/tweet-counts-per-frequency,Medium
1605,Optional,,https://leetcode.com/problems/sequentially-ordinal-rank-tracker,Medium
1606,Optional,"Math, Greedy, Recursion",https://leetcode.com/problems/smallest-index-with-equal-value,Medium
1607,Optional,"Hash Table, Binary Search, Design, Sorting, Ordered Set",https://leetcode.com/problems/fizz-buzz,Medium
1608,Optional,"Design, Heap (Priority Queue), Data Stream, Ordered Set",https://leetcode.com/problems/next-greater-numerically-balanced-number,Hard
1609,Optional,Array,https://leetcode.com/problems/simple-bank-system,Easy
1610,Optional,"Math, String, Simulation",https://leetcode.com/problems/number-of-valid-words-in-a-sentence,Easy
1611,Optional,"Math, Backtracking, Enumeration",https://leetcode.com/problems/check-if-all-as-appears-before-all-bs,Medium
1612,Optional,"Array, Hash Table, Design, Simulation",https://leetcode.com/problems/watering-plants-ii,Medium
1613,Optional,String,https://leetcode.com/problems/can-you-eat-your-favorite-candy-on-your-favorite-day,Easy
1614,Optional,,https://leetcode.com/problems/check-if-move-is-legal,Easy
1615,Optional,"Array, Two Pointers, Simulation",https://leetcode.com/problems/sum-of-k-mirror-numbers,Medium
1616,Optional,"Array, Prefix Sum",https://leetcode.com/problems/equal-rational-numbers,Medium
1617,Optional,"Array, Matrix, Enumeration",https://leetcode.com/problems/image-overlap,Medium
1618,Optional,"Math, Enumeration",https://leetcode.com/problems/maximum-profit-of-operating-a-centennial-wheel,Hard
1619,Optional,"Math, String",https://leetcode.com/problems/coordinate-with-maximum-network-quality,Hard
1620,Optional,"Array, Matrix",https://leetcode.com/problems/escape-the-ghosts,Medium
1621,Optional,"Array, Simulation",https://leetcode.com/problems/abbreviating-the-product-of-a-range,Medium
1622,Optional,"Array, Enumeration",https://leetcode.com/problems/walking-robot-simulation,Medium
1623,Optional,"Array, Math",https://leetcode.com/problems/statistics-from-a-large-sample,Medium
1624,Optional,Math,https://leetcode.com/problems/number-of-valid-move-combinations-on-chessboard,Hard
1625,Optional,"Array, Simulation",https://leetcode.com/problems/bulb-switcher-ii,Medium
